S00600004844521B
S32500C100000000060200000000E97703CE010000000040C10080030100D6F2BDD948531672D9
S32500C10020010000005DBA31A900000000000000000000000000000000ACCEC10000000000CC
S32500C10040010000000000000002000000FDC0A0B100000000F40100000000000000000000D3
S32500C100607354E07E00000000000000000000000000000000000000000000000066040B25FA
S32500C1400026FFEC01E002F032DAC194C7E7F42400E115DAC13E9FE7F42500E115DAC13E9FF2
S32500C14020E6FBC000E00CC4BF0E00C4CF1000E109E49F0D00E189E49F0C00E042002F66F2DC
S32500C14040FF3F76F200C0C42F8601E6FB0000C4BFBA01D43FBA01DAC16AECE6FBC100E00C4D
S32500C14060C4BF9A00C4CF9C00E109E49F9900E189E49F9800F02F06F2900066F2FF3F76F2FD
S32500C1408000C0C42FBC01E6FB0000C4BFC801D43FC801DAC16AECE6FB0202E00CC4BFA800F3
S32500C140A0C4CFAA00E109E49FA700E189E49FA600F02F06F29E0066F2FF3F76F200C0C42FEF
S32500C140C07C01E6FB0000C4BFB401D43FB401DAC16AECE6FBC500E00CC4BFB600C4CFB800B4
S32500C140E0E109E49FB500E189E49FB400F02F06F2AC0066F2FF3F76F200C0C42F7E01E6FB62
S32500C141000000C4BFB601D43FB601DAC16AECE6FBCD00E00CC4BFC400C4CFC600E109E49F3C
S32500C14120C300E189E49FC200F02F06F2BA0066F2FF3F76F200C0C42F8001E6FB0000C4BFDF
S32500C14140B801D43FB801DAC16AECE6FBDB00E00CC4BFD200C4CFD400E109E49FD100E18916
S32500C14160E49FD000F02F06F2C80066F2FF3F76F200C0C42F7A01E6FB0000C4BFB201D43FF0
S32500C14180B201DAC16AECE6FB6900E00CC4BFE000C4CFE200E109E49FDF00E189E49FDE008F
S32500C141A0F02F06F2D60066F2FF3F76F200C0E6F30000DAC16AECE7F43A00E6F3F401E105FA
S32500C141C0F185F195DAC1AA8AE7F43B00E6F3F401E105F185F195DAC1AA8AF0BF06FB2200E6
S32500C141E066FBFF3F76FB00C0C4BFC401E6FB0000C4BFCC01E7F83A00E7F91400E11AE10BBB
S32500C14200E6FBC000D42FC401E00DD43FCC01F0CDF0EDDAC16268F0BF06FB120066FBFF3F41
S32500C1422076FB00C0C4BFC001E6FB0000C4BFCA01E7F83B00E7F91400E11AE10BE6FBC0007D
S32500C14240D42FC001E00DD43FCA01F0CDF0EDDAC16268F0BF06FB400066FBFF3F76FB00C049
S32500C14260C4BF7801E6FB0000C4BFB001E7F83A00E109E6FBA500E00CE6FDFF07D42F78018C
S32500C14280D43FB001F1A9F0ECDAC11E80F0BF06FB540066FBFF3F76FB00C0C4BF7601E6FB35
S32500C142A00000C4BFA801E7F83A00E109E6FBA700E00CE6FDFF07D42F7601D43FA801F1A9DB
S32500C142C0F0ECDAC11E80F0BF06FB520066FBFF3F76FB00C0C4BF7201E6FB0000C4BF9E0137
S32500C142E0E7F83A00E109E6FBA600E00CE6FDFF07D42F7201D43F9E01F1A9F0ECDAC11E80C1
S32500C14300F0BF06FB530066FBFF3F76FB00C0C4BF7001E6FB0000C4BF9C01E7F83A00E1090B
S32500C14320E6FBAC00E00CE6FDFF07D42F7001D43F9C01F1A9F0ECDAC11E80F0BF06FB510080
S32500C1434066FBFF3F76FB00C0C4BF6E01E6FB0000C4BF9401E7F83A00E109E6FBAB00E00C60
S32500C14360E6FDFF07D42F6E01D43F9401F1A9F0ECDAC11E80F0BF06FB500066FBFF3F76FBB4
S32500C1438000C0C4BF6C01E6FB0000C4BF9001E7F83B00E109E6FBB206E00CE6FDFF07D42F3C
S32500C143A06C01D43F9001F1A9F0ECDAC11E80F0BF06FB550066FBFF3F76FB00C0C4BF6A01B3
S32500C143C0E6FB0000C4BF8E01E7F83B00E109E6FBB306E00CE6FDFF07D42F6A01D43F8E01A0
S32500C143E0F1A9F0ECDAC11E80F0BF06FB560066FBFF3F76FB00C0C4BF6801E6FB0000C4BF21
S32500C144008C01E7F83B00E109E6FB9900E00CE6FDFF07D42F6801D43F8C01F1A9F0ECDAC1D8
S32500C144201E80E115E45FE800E7F42600DAC18293E119E49FDB01E184F45FDB01E106E7F892
S32500C144402400E00BF176F0CBDAC19255E194E115E106E7F82400E00BF176F0CBDAC19255FE
S32500C14460E106E46FEF00E46FEE00E46FF000E1F4E115E7F82500E00BF176F0CBDAC192556A
S32500C14480E00BC4BFF400E105E45FF200E45FF100E7F42700DAC18293E104DAC13EB6E7F4A3
S32500C144A01A00DAC13EB6E7F41B00DAC13EB6E7F41B00E105DAC1DC77E7F41E00DAC13EB6B5
S32500C144C0E7F41E00E115DAC1DC77E7F41900DAC13EB6E7F41800DAC13EB6E104DAC19CEC2B
S32500C144E0E109E49FAE01E118E48FE301E00BC4BFCE01E49FDE01E49FF600F49FAE01E49FAC
S32500C14500E601E49FE701C4BFD201F49FAE01E49FF800D4BFCE01C4BFDC01C4BFE001E49FC6
S32500C14520FB00E49FFA00E49FF900E49FF700D4BFCE01C4BFD801C4BFD601E6FBDC00C4BFEE
S32500C14540E401E49FFC00E49FEA01E49FFD00F49FAE01E49FE201F0BF06FB0E0166FBFF3F3C
S32500C1456076FB00C0C4BF8401E6FB0000C4BFC201E6F56400D42F8401D43FC201DAC16CEA86
S32500C14580F0BF06FB060166FBFF3F76FB00C0C4BF8201E6FB0000C4BFBE01E118E6F564006C
S32500C145A0D42F8201D43FBE01DAC16CEAE109E49FD001E49FDA01E49FE901E49FE801E00B8B
S32500C145C0C4BFD401C4BF3001C4BF2E01F02F06F2160166F2FF3F76F200C0C42F6001E6FB35
S32500C145E00000C4BF7401D43F7401DAC106DEF02F06F21E0166F2FF3F76F200C0C42F92017B
S32500C14600E6FB0000C4BFC601D43FC601DAC15EDEF02F06F2020166F2FF3F76F200C0E6F346
S32500C146200000DAC14CE4F02F06F2FE0066F2FF3F76F200C0C42F6401E6FB0000C4BF9A01BE
S32500C14640D43F9A01DAC14CE4F0BF66FBFF3F76FB00C0C4BF3401E6F80000F0BF06FBE8006D
S32500C1466066FBFF3F76FB00C0C4BF3E01F0BF06FBF20066FBFF3F76FB00C0C4BF4001F0BFFC
S32500C1468006FBF40066FBFF3F76FB00C0C4BF3801F0BF06FBF10066FBFF3F76FB00C0C4BFDE
S32500C146A03A01F0BF06FBF00066FBFF3F76FB00C0C4BF3C01F0BF06FBEE0066FBFF3F76FB1A
S32500C146C000C0C4BF3601F0BF06FBEF0066FBFF3F76FB00C0C4BF3201F0BF06FBFB0066FB68
S32500C146E0FF3F76FB00C0C4BF4201F0BF06FB660066FBFF3F76FB00C0C4BF5201F0BF06FB52
S32500C14700FA0066FBFF3F76FB00C0C4BF4401F0BF06FB740066FBFF3F76FB00C0C4BF500178
S32500C14720F0BF06FBF90066FBFF3F76FB00C0C4BF4A01F0BF06FB820066FBFF3F76FB00C069
S32500C14740C4BF4E01F0BF06FBF60066FBFF3F76FB00C0C4BF4C01F0BF06FB320066FBFF3FF9
S32500C1476076FB00C0C4BF4801F0BF06FBF80066FBFF3F76FB00C0C4BF5601F0BF06FB420031
S32500C1478066FBFF3F76FB00C0C4BF4601F0BF06FBFC0066FBFF3F76FB00C0C4BF5A01F0BFAF
S32500C147A006FB140066FBFF3F76FB00C0C4BF5401F0BF06FBFD0066FBFF3F76FB00C0C4BF75
S32500C147C05E01F0BF06FB580066FBFF3F76FB00C0C4BF5801F0BF06FBF70066FBFF3F76FB48
S32500C147E000C0C4BF6201F0BF06FB240066FBFF3F76FB00C0C4BF5C01F0BF06FBEA0066FBCD
S32500C14800FF3F76FB00C0C4BF6601F0BF06FB280166FBFF3F76FB00C0C4BF9801F0BF06FB03
S32500C14820260166FBFF3F76FB00C0C4BF9601F0BF06FBE50066FBFF3F76FB00C0C4BFAC010B
S32500C14840F0BF06FBE40066FBFF3F76FB00C0C4BFA601F0BF06FBE70066FBFF3F76FB00C09C
S32500C14860C4BFAA01F0BF06FBE60066FBFF3F76FB00C0C4BFA401F0BF06FB2A0166FBFF3F3B
S32500C1488076FB00C0C4BFA201F0BF06FB2A0166FBFF3F76FB00C0C4BFA001D42F3401F038CB
S32500C148A0DAC14CE4DAC1E4B4F49FE3012D05E109E49FE301EA007655F49FDA0147F9FF00D7
S32500C148C03D03E109E49FDA01D42F3E010991E49FDA01F038DAC164DBD42F3801F038D44FC6
S32500C148E04001F058DAC146C9D42F3A01F038DAC1CADBD42F3201F038D44F3601F058D4BF85
S32500C149003C01F0C8DAC1A8A3F49FEE00E1084AF4F480E48F1E01F49FEE00E1084AF4F4901B
S32500C14920E48F1F01F49FEE00E1084AF4F4A0E48F2001F49FF200E10849913D01E118E48F5B
S32500C149402101E109F48FE8003D01E119E49F2201F49FF100E10849913D01E118E48F230126
S32500C14960F49F1400E49F2401F49F1500E49F250128F2E7F93A00E6FDA600A40F1CFF28F22B
S32500C14980E00EF058B99FD42F7601D43FA201D44F5601D4BF4601F0C8DAC1E0D508F2E7F95C
S32500C149A03A00E6FDAC00E00EA40F1CFF28F2F058F0C8B99FD42F7401D43FA001D44F540195
S32500C149C0D4BF4801DAC1E0D508F2E7F93A00E6FDAB00E00EA40F1CFF28F2F058F0C8B99F14
S32500C149E0D42F7201D43F9801D44F5201D4BF4E01DAC1E0D508F2E7F93A00E6FDA500E00E9C
S32500C14A00A40F1CFF28F2F058F0C8B99FD42F7C01D43FB401D44F4C01D4BF5001DAC1E0D5A3
S32500C14A2008F4F49FF6002D10F49F3400E49FE601F49F3500E49FE701C09B5C8BF49FE601CD
S32500C14A40C09C70BCC4BFD20128F2E7F93A00E6FDA700A40F1CFF28F2E00EF058B99FD42F7A
S32500C14A607A01D43FAC01D44F4A01D4BF5A01F0C8DAC1E0D508F2E7F93B00E6FDB206E00E32
S32500C14A80A40F1CFF28F2F058F0C8B99FD42F7001D43F9401D44F5801D4BF5E01DAC1E0D535
S32500C14AA008F2E7F93B00E6FDB306E00EA40F1CFF28F2F058F0C8B99FD42F6E01D43F920138
S32500C14AC0D44F5C01D4BF6201DAC1E0D508F2E7F93B00E6FD9900E00EA40F1CFF28F2F0589A
S32500C14AE0F0C8B99FD42F6C01D43F9001D44F6001D4BF6601DAC1E0D508F4F49FFC002D1D28
S32500C14B00D42F6401D43F9A01DAC14CE4E119E49FEA01F49F1A00C09BF49F1B005C8BC09C8C
S32500C14B2070BCE0ACF6FB0EFE4BCCD4CFE001F2FB0EFE40BCFD02C4BFE001F49FF8004991A1
S32500C14B403D10F49F4300C09B5C8BF49F4200C09C70BCE0ACF6FB0EFE4BCCF2FB0EFEC4BFB0
S32500C14B60DC01F49FF7002D25F49F2500C0925C82F49F2400C09B702BDAC126EAF0B2F0C320
S32500C14B80F49F2700C0925C82F49F2600C09D702DDAC126EAF042F053F02BF03CDAC1DEB819
S32500C14BA0E004E6F5003FDAC136CDC42FD801C43FD601F49FAE013D21F49FE800EA304E4D1C
S32500C14BC0F49FF200EA304E4DD4BFF40046FB2800EAF04E4DF49FEE00EA304E4DF49FF100B5
S32500C14BE0EA204E4DE119E49FAE01E7F41B00F45FAE01DAC1DC77EA00024E49913D4EF49F05
S32500C14C00DB012D28D42F6601F038DAC14CE4E104E44FDB01E115DAC1DC77E7F91400E49FF0
S32500C14C209000E109E49F9100E118E48F9200E49F9300E49F9400E49F9500E49F9600E49F40
S32500C14C409700F44F2200D44FBC01D45FC801DAC194EA0D7DD43FEC00D42FEA00DAC18CEB14
S32500C14C6046F260E336F31600FD72E129E49FAE01E119E49FDB01E104F154DAC1DC77D42F94
S32500C14C806001D43F7401DAC106DEE00BC4BFD401C4BF3001C4BF2E010D5A49923D4FF49FDB
S32500C14CA0E80049913D08E109E49FAE01E119E49F1A01EA00024EF49FEE003D5FF49FF20096
S32500C14CC03D5CF49FF1002D59D4BFF40046FBC800FD0DF49FEF0047F940008D08E139E49F9C
S32500C14CE0AE01E00BC4BFCE01EA00024EF49FEF0047F9E6008D03E6FBDC000D0BC09BE6FC7D
S32500C14D00DC001BBCE6FBE600F6070EFE5BBBF2FB0EFEC4BFCE01E119E49FDE01F49FEF000A
S32500C14D2047F9E6008D6ED4BFD20146FB7E119D69D4BFD40108B5C4BFD4010D634994CD0CAC
S32500C14D40F49FE80049913D03E109E49FAE01E00BC4BFCE01E1090D53F49FE80049913D04BE
S32500C14D60E109E49FAE010D4DF49FEE003D06F49FF2003D03F49FF1003D35E149E49FAE011B
S32500C14D80F49FEE009AF40680E119E49F1601E169E49FAE01F49FEE009AF40690E119E49F85
S32500C14DA01701E169E49FAE01F49FEE009AF406A0E119E49F1801E159E49FAE01F49FF2005C
S32500C14DC049913D06E119E49F1901E179E49FAE01F49FF1003D16E119E49F1B01E189E49F6F
S32500C14DE0AE010D0FF49FEF0047F90C00ED04E129E49FAE010D06E00BC4BFCE01E119E49F59
S32500C14E00DE01F49FF1002D09F49FE80049912D05D4BFDC0146FB2C019D05E7F41B00E1054F
S32500C14E20DAC1DC77F49FE2013D0ED43F0401D42F0201DAC18CEB46F2C0C636F32D00FD03B8
S32500C14E40E119E49FE201F49FE2012D54F49FEA012D51F4DF1400F48F1500D42F8401D43F1E
S32500C14E60C201DAC196D2F1C4D42F8201D43FBE01F18DDAC196D2F1D449C03D04E7F41E000F
S32500C14E80E1050D03E7F41E00E115DAC1DC7749C02D0549D03D0FF49FF1003D0CE119E49F8E
S32500C14EA0D00149C03D02E49F1D0149D03D03E119E49F1C01F49FD0012D0E49C02D0C49D084
S32500C14EC02D0AF49FF1002D07E109E49FD001E49F1D01E49F1C01F49FD0012D02E1140D0800
S32500C14EE049C02D0849D02D06F49FF1002D03E104DAC19CECDAC102C4F49FF2003D09D4BFE6
S32500C14F00F40046FB2800FD04E7F41A00E1150D03E7F41A00E105DAC1DC77D42FD201DAC137
S32500C14F2026EADAC1CAE2E6FB9A99E6FC9999F0DCE6FE2D40DAC16EB0F002F073F0A4F095E7
S32500C14F40D42FD801D43FD601DAC102EBF144EA30644FD42FD801DAC1CAE2F0B2F0C3F0D4FE
S32500C14F60F0E50D08E6FBFCA9E6FCF1D2E6FD4D62E6FE503FF020F037F04AF059DAC19498CF
S32500C14F80DAC15EDFC42F8A01C43F8801DAC1CAE2E00BF0CBF0DBE6FE4940DAC130DCF14467
S32500C14FA02D07E00BC4BF8A01E6FB4842C4BF8801F49FF7002D0CD42FCE01DAC11AEAD44F2F
S32500C14FC08A01D45F8801DAC114D0C42FE401F49FDE012D1AE0ABD4CFCE011BCBF2F40EFEDE
S32500C14FE0E48F0400BC84E48F0500E109E49F0600E49F0700E118E48F0800E48F0900E49F4B
S32500C150000A00E49F0B000D06D42F8601D43FBA01DAC16AECF44F2200D44F8601D45FBA01D8
S32500C15020DAC194EAD4BFDC013D02E0020D08E6F2580FE023D44FDC01E005DAC1E8D646F232
S32500C1504096009D02E6F29600E44F9E007C82E44F9F00E7F91400E49FA000E109E49FA10020
S32500C15060E49FA200E49FA300E49FA400E49FA500F44F2200D44F7C01D45FB401DAC194EAC9
S32500C15080F44F1200D44F7C01D45FB401DAC194EAF49FF6002D07F44F1200D44F4801F0588D
S32500C150A0DAC194EAF49FF8002D07F44F1200D44F4601F058DAC194EAF49FFB002D07F44F2C
S32500C150C01200D44F5201F058DAC194EAF49FFA002D07F44F1200D44F5001F058DAC194EA35
S32500C150E0F49FF9002D07F44F1200D44F4E01F058DAC194EAF49FEF00E49FAC00F49FCE01EE
S32500C15100E49FAD00E109E49FAE00D44FF400E48FAF00D44FF4007C84E48FB000F49FAE01C8
S32500C15120E49FB100F49FE601E49FB200F49FE701E49FB300F44F2200D44F7E01D45FB60123
S32500C15140DAC194EAF44F1200D44F7E01D45FB601DAC194EAD42F3001D43F2E01DAC1CAE2B8
S32500C15160C42F3001C43F2E01F074F095D42FD801D43FD601DAC1CAE2E6FBFCA9E6FCF1D2F1
S32500C15180E6FD4D62E6FE503FDAC16EB0E6FB11F5E6FCCCDCE6FD8D4FE6FE623FDAC16EB01C
S32500C151A0F0B2F0C3F0D4F0E5D42F3001D43F2E01F047F059DAC108B2DAC15EDFC42F3001F3
S32500C151C0C43F2E01DAC1C8E4F062F49FDA01D42F6001E49FBA00D43F7401DAC168D7E44F99
S32500C151E0BB00D42F9201D43FC601DAC1DED7E44FBC00F49FE901E49FBD00F49FE801E49FC2
S32500C15200BE00E4CFBF007C86E4CFC000E109E49FC100F44F2200D44F8001D45FB801DAC164
S32500C1522094EAF44F1200D44F8001D45FB801DAC194EAE1F4D44F9601F058D4BF9801F0C870
S32500C15240DAC19E5FF49FE001E49FC800D44FE0017C84E48FC900DAC14AE0F062DAC194E0CA
S32500C15260E4CFCA007C86E4CFCB00E44FCC007C82E44FCD00D44F2601E48FCE00D44F260198
S32500C152807C84E48FCF00F44F2200D44F7A01D45FB201DAC194EAF44F1200D44F7A01D45FDD
S32500C152A0B201DAC194EAD42FD801D43FD601DAC1CAE2E00BF0CBE6FD0040E6FE8F40DAC137
S32500C152C06EB0DAC10CE4F072D42F8A01D43F8801DAC1CAE2E00BF0CBE6FD0040E6FE8F400F
S32500C152E0DAC16EB0DAC10CE4E4EFD6007C87E4EFD700E44FD8007C82E44FD900F49FD401D0
S32500C15300E49FDA00D44FD4017C84E48FDB00F49FE401E49FDC00D44FE4017C84E48FDD00F4
S32500C15320E7F43A00D44FA601F058D4BFAC01F0C8DAC1EACAF0A2E7F43B00D44FA401F05880
S32500C15340D4BFAA01F0C8DAC1EACAF09248A0EA208E54F49FE9010991E49FE901F44F4000E4
S32500C15360DAC162CFF44F2200DAC194A9F44F4000DAC194A9F44F5400DAC194A9F44F5200FE
S32500C15380DAC194A9F44F5300DAC194A9F44F5100DAC194A9E7F43A00DAC19487D42FA20123
S32500C153A0F038DAC14CE4D43F2C01D42F2A01DAC18CEB46F2A08638318DF6E7F43A00E6F37B
S32500C153C0F401E105F185F195DAC1AA8AE7F83A00E7F91400E11AE10BE6FBC000D42FC40103
S32500C153E0E00CD43FCC01F0DCF0ECDAC16268E7F83A00E109E6FBA500E00CE6FDFF07D42FAC
S32500C154007801D43FB001F1A9F0ECDAC11E80E7F83A00E109E6FBA700E00CE6FDFF07D42F76
S32500C154207601D43FA801F1A9F0ECDAC11E80E7F83A00E109E6FBA600E00CE6FDFF07D42F61
S32500C154407201D43F9E01F1A9F0ECDAC11E80E7F83A00E109E6FBAC00E00CE6FDFF07D42F49
S32500C154607001D43F9C01F1A9F0ECDAC11E80E7F83A00E109E6FBAB00E00CE6FDFF07D42F2E
S32500C154806E01D43F9401F1A9F0ECDAC11E8048902D72F49FE8010991E49FE801F44F120031
S32500C154A0DAC194A9F44F5000DAC194A9F44F5500DAC194A9F44F5600DAC194A9E7F43B00EB
S32500C154C0DAC19487D42FA001F038DAC14CE4D43F2C01D42F2A01DAC18CEB46F2A086383171
S32500C154E08DF6E7F43B00E6F3F401E105F185F195DAC1AA8AE7F83B00E7F91400E11AE10BD8
S32500C15500E6FBC000D42FC001E00CD43FCA01F0DCF0ECDAC16268E7F83B00E109E6FBB206EB
S32500C15520E00CE6FDFF07D42F6C01D43F9001F1A9F0ECDAC11E80E7F83B00E109E6FBB3066E
S32500C15540E00CE6FDFF07D42F6A01D43F8E01F1A9F0ECDAC11E80E7F83B00E109E6FB990072
S32500C15560E00CE6FDFF07D42F6801D43F8C01F1A9F0ECDAC11E80DAC170E7D43F0200D42FCA
S32500C155800000DAC18CEB46F2881338308DF6EA009A48880F881F886F887F888F889F88AFF7
S32500C155A026FF1400F0DBE00BE44F0600E45F0700E46F1000E47F0800E48F0E00E108C4BFF7
S32500C155C01200F49F060027F908004997EAE0D455E1180D33F49F060027F910004997EAE0B2
S32500C155E0E655E1280D2AF49F060027F918004997EAE0FA55E7F828000D20F49F060027F9B2
S32500C1560020004993EAE00E56E7F829000D16F49F060047F932002D1047F933002D0D47F939
S32500C1562024002D0A47F925002D0747F936002D0447F93500EA303A56E138C08B28B146FB6B
S32500C156402800EAE07E5F5C1BD700C100D4BB88EE9C0BF49F070049912D0749932D05499268
S32500C156602D034990EA314A5DF49F070049913D09F49F0E0047F924002D0447F92500EA3128
S32500C156804A5DF0BC70BD2D25F0BDF0EC08B218E0DC0EA99B2D0D47F90800EA814A5D47F934
S32500C156A00F00EAE14A5DF48F06004198EA204A5DDC0CA99D47F96400EAE04A5D08D118C09B
S32500C156C0DC0CA98D47F86400EAE14A5D4189EAE04A5DF49F0600C09BE06C1BBCE6FB46A5B2
S32500C156E0F2F10CFEF2FA0EFEE6FC000000AB101CDC01A99AEA30785FE104F154F164DAC11A
S32500C157001ACAF0BAF0C108B218C0E106DC0CA88B08B218C0F078DC0CA89BF0B8F0C908B5AC
S32500C1572018C0F009DC0CA9DBF0B8F0C908B118C008741800DC09A948DC0CA95BDAC1C4D0EE
S32500C15740DC00A947F49F07004992EA305257E1150D02F45F0700DAC1EEE9F0B8F0C908B391
S32500C1576018C0F154DC0CA94BDC00A967DAC18CE3C0DBE00CE6FD5BA2E6FE000000BD10CE8D
S32500C15780F49F0700DC0CB99B49932D034990EA30A657DC09A94808821890E106DC09A9589B
S32500C157A0DAC1C4D00D69F49F07004991EA307858F49F0E00C09BE06C1BBCE6FD46A5F2FB45
S32500C157C00CFEF2FC0EFEE6FE000000CD10BE08C218B0E6FD63A2DC0BA85C08C218B0E6FEA4
S32500C157E00000DC0BA82CC0DBE00C00BD10CEDC0CB99BF0B5F0C208B218C0DC02A9F508510B
S32500C158001820DC0CA9CBDC02A9D5C09B26FB250046FB0E00ED0A5C1BD700C100D4BBDAEE84
S32500C158209C0BE1190D03E1290D01E109C099E008E6FB58A2E6FC0000009B108CDC08A99993
S32500C15840EA306E58E114D700C200F2F43A43D700C200F2F53C43E106E7F7FE00F154DAC10E
S32500C15860D6C5E117F14FF15CF16DDAC172B3DC08A9990991DC08B999E119DC01B99AEA0019
S32500C15880865FF49F080049912D034990EA314A5DF49F10004996EAE14A5DF49F07004991B4
S32500C158A02D034992EA314A5DF49F070049913D0CF49F0E0047F924002D0747F925002D04C8
S32500C158C047F93300EA314A5DF0BC70BD2D11DC0CA99D47F96400EAE04A5D08D118C0DC0CD9
S32500C158E0A98D47F86400EAE14A5D4189EAE04A5DF49F0600C09BE06C1BBCE6FC46A5F2FB8A
S32500C159000CFEC4BF0C00F2FB0EFEE6FD0000D4EF0C0000BC10EDC4BF0A00C4EF0C00DC0E8D
S32500C15920A99BEA30785FE114D700C200F2F43A43D700C200F2F53C43E106E7F7FE00F15473
S32500C15940DAC1D6C5D4BF0A00D4CF0C0008B218C0DC0CA8DB08B218C0C4DF0400DC0CA81B1D
S32500C15960D4BF0400F0C106FB080018C0F091DC0CA99BE49F0F00D48F040008841890F45F0A
S32500C159800800DC09A948DAC1EEE9D4BF0400F0C108B318C0F154DC0CA94BDC09A968DAC163
S32500C159A08CE3D46F040028F2E10BF0C1B9BFD4BF060008B718C0F006F071F0A1080618708D
S32500C159C0086518A0DC0CA96BE04BE02D00BF00DF66FBFF3FE6FC000066FDFF3FDC0AA94612
S32500C159E0DC07A950E6F4102776FB00C076FD00C0E1B7F0ECF1ABDAC1AC8D08F2E008E6FBE8
S32500C15A00DCFFE6FCC100F49F1000C0990099108800991088009B108CDC0AA946DC08A83912
S32500C15A2008921880DC07A950E108DAC11AC2DC08A8B9F49F060027F910004993ED05D7403E
S32500C15A400200F6FBAC220D04D7400200F6FBAE22D4BF0400F0C1DC01A94B08B218C0E11730
S32500C15A60DC0CA95BD4BF040008B11810DC01A96BDAC172B3F49F07004991EA304E5BF49F80
S32500C15A800E00C09BE06C1BBCE6FD46A5F2FB0CFEF2FC0EFEE6FE000000CD10BE08C218B0E3
S32500C15AA0F49F0F00DC0BA8DC08C218B0E00EDC0BA8BCC09CE6F46BA2E6F5000000C410E570
S32500C15AC0F49F0E00DC0EB99CDC0BA9FDF0CDF0EB08D118B008C218E0DC0BA9DDDC0EA9CCCB
S32500C15AE0C09B26FB250046FB0E00ED0A5C1BD700C100D4BBF8EE9C0BE1190D03E1290D01AB
S32500C15B00E109C098E009E6FB58A2E6FC0000008B109CDC09A998EA30445BE114D700C20032
S32500C15B20F2F43A43D700C200F2F53C43E106E7F7FE00F154DAC1D6C5E117F14FF15CF16D1B
S32500C15B40DAC172B3DC09A9980991DC09B998D4CF0A00E129D4BF0C00DC0BB99CEA00865F67
S32500C15B60F49F070049912D034992EA314A5DF49F070049913D09F49F0E0047F924002D042D
S32500C15B8047F92500EA304A5DF49F0600C09BE06C1BBCE6FB46A5F2F00CFEF2F80EFEE6FC71
S32500C15BA00000008B100CDC00A998EA30785FF0B8F0C008B218C0E105DC0CA8DB08B218C09C
S32500C15BC0DC0CA8BBF0CDF0EBDC0EA84C08C218E008D418B0C44F0400DC0EA81CDC0BA8CDB6
S32500C15BE008D218B0D49F0400DC0BA8BDF0A1DC0BA94C08C118B0089218A0DC0BA96CDC0A47
S32500C15C00A9D9DAC18CE3F49F07004991EA30F25CF49F0E00C09BE06C1BBCE6FD46A5F2FB7B
S32500C15C200CFEF2FC0EFEE6FE000000CD10BE08C218B0E6FD73A2DC0BA8EC08C218B0E6F4A9
S32500C15C400000DC0BA85CC0DBE00C00BD10C4F49F0E00DC0CB99BF0BEF0C5DC05A99E08B258
S32500C15C6018C008E11850E49F0800DC0CA99BE49F0700DC05A99EE49F0600F49F0E00C09B46
S32500C15C8026FB250046FB0E00ED0A5C1BD700C100D4BB16EF9C0BE1190D03E1290D01E1095B
S32500C15CA0C097E006E6FB58A2E6FC0000007B106CDC06A997EA30E85CE114D700C200F2F438
S32500C15CC03A43D700C200F2F53C43E106E7F7FE00F154DAC1D6C5E117F44F0800F45F0700A6
S32500C15CE0F46F0600DAC172B3DC06A9970991DC06B997E114D700C200F2F43A43D700C2003C
S32500C15D00F2F53C43E106E7F7FE00F154DAC1D6C5D4BF0400DC0AA959DC01A94B08B11810E7
S32500C15D20E117DC01A96BDAC172B3E7F92800DC00B998EA00865FF49F080049912D0A49906A
S32500C15D402D0849922D0649942D04E6FB1F00EA00825FF49F0600C09BE06C1BBCE6FC000067
S32500C15D60F2FB0CFEC4BF0400F2F10EFEE6FB46A5D4DF0400001B10DCC4DF0400DC0DA9919B
S32500C15D80EA30785FF0B1D4CF040008B218C0F45F0800DC0CA80B08B218C0F090DC0CA8AB2E
S32500C15DA0F0B0F08AF0CA06F90D001880DC0CA87B08B218C0DC08A949DC0CA86BDAC1EEE9C4
S32500C15DC0F0B0F0CA06FB0C0018C006F0100018A0F154DC0CA94BDC08A969DAC18CE3DC0AF8
S32500C15DE0A990C09BE0AC1BBCE6FD6CA0F2FB0CFEF2FC0EFEE6FE000000CD10BEF49F0800EB
S32500C15E00DC0BB99CE114D700C200F2F43A43D700C200F2F53C43E106E7F7FE00F154DAC1EC
S32500C15E20D6C5F0B7F0C6DC06A94708B218C008711860DC0CA95BDC06A967E117DAC172B3B8
S32500C15E40E7F92900D4BF0400DC0BB991EA00865FF49F0600C09BE06C1BBCE6FC0000F2FBF5
S32500C15E600CFEC4BF0400F2F10EFEE6FB46A5D4DF0400001B10DCC4DF0400DC0DA9913D7CCE
S32500C15E80F0B1D4CF040008B218C0F49F0600DC0CA80B08B218C0F060DC0CA87BF0A708623F
S32500C15EA018A0F090F0870891188047F924002D0647F925002D0347F933003D40DC07A9F0A3
S32500C15EC0DC0AA9C6DC08A9D9F49F0600C09B26FB250046FB0E00ED0A5C1BD700C100D4BB22
S32500C15EE034EF9C0BE1190D03E1290D01E109C099E008E6FB58A2E6FC0000009B108CDC08EC
S32500C15F00A999EA30305FE114D700C200F2F43A43D700C200F2F53C43E106E7F7FE00F154D7
S32500C15F20DAC1D6C5E117F14FF15CF16DDAC172B3DC08A9990991DC08B9990D18E114D700DA
S32500C15F40C200F2F43A43D700C200F2F53C43E106E7F7FE00F154DAC1D6C5DC07A940DC0A66
S32500C15F60A956DC08A969E117DAC172B3E139D4BF0400DC0BB9910D07E6FB20000D02E6FBC6
S32500C15F802200C4BF1200D42F120006FF140098AF989F988F987F986F981F980FDB0028F23F
S32500C15FA0B3FF0003B3FF2003B3FF0801880F881F886F887F888F889F88AF26FF0E00F1C43C
S32500C15FC0E001C44F0C00C45F0A00C4BF0800C4CF0600E109E49F0400E49F0500F081F19CB2
S32500C15FE027F908004997FD1EF19C27F910004997FD19F19C27F9180047F90B00FD1347FCA1
S32500C1600032002D1047FC24002D0D47FC25002D0A47FC36002D0747FC35002D0447FC33003E
S32500C16020EA313668D4BF0A00D4CF0C0070BC2D07D4BF0600D4CF080070BCEA304660E6F12D
S32500C160401E00EA003A68C0CBE06C1BBCE6FC46A5F2FE0CFEF2FB0EFEE6FD000000BC10EDC5
S32500C16060DC0EA99BC09C28C146FC3B00EAE0EA675C1CD700C100D4CC10EE9C0C08B218E046
S32500C16080F04FDC0EA89B08B218E066F4FF3FDC0EA8ABF0B9F0CA08B518C0E6F50000DC0C8B
S32500C160A0A9DBF0B9F0CA08B118C076F400C0DC0CA94BE04B00BF66FBFF3F76FB00C0F0C52C
S32500C160C0DAC152DDC0D7E000E6FB5BA2E6FC0000007B100CDC00A99749932D034990EA3046
S32500C160E0E461F0B9F0CA08B218C0E024DC0CA94B004F66F4FF3F76F400C0E6F50000E05B98
S32500C1610000BF66FBFF3F76FB00C0F0C5DAC152DDDC00A99749933D51D4BF0000D4CF0200EC
S32500C1612040BC8D1720BCE00CE6FD20A1E07EA3CD0000A3BE1000A3008210A3BD1000E6FBC7
S32500C161400058F62E0EFEF62F0CFE7BBBF2F80EFE0D01E008F49F04004991EA30AC6228F2EC
S32500C16160E139F0B9B99F28F2F0CA08B418C0B99F28F2E7F95500089318A0B99F28F2DC0C81
S32500C16180A99BC0DBB99F28F2E06C1BBCDC0AA999B99FD42F0A00E6F3F603F2F50CFEF2F48E
S32500C161A00EFEE6FB7CA2E6FC0000004B105CDAC120C006FF0A00F0120D79D4BF0200D4CF2A
S32500C161C0000020BC48B0BD0BE6FDC4041BCDF6070EFEF6060CFE7BBBF2F80EFE0D67E6F83C
S32500C161E0FFFF0D64DC00A9974991EA308662C0DBE00CE6FD63A2E6FE000000BD10CEE6FDA0
S32500C1620046A5DC0CA99BC09BE06C1BBCE6FE0000F2FB0CFEF2FC0EFE00CD10BE08C218B020
S32500C16220E024DC0BA8DC08C218B0004FDC0BA8BCF0CDF0EB08D118B008C218E0DC0BA95D14
S32500C16240DC0EA94C66F4FF3F76F400C0E6F50000E05B00BF66FBFF3F76FB00C0F0C5DAC1E1
S32500C16260F6CDD4BF02002D0DD4CF0000E6FD1C131BCDF6070EFEF6060CFE7BBBF2F80EFEED
S32500C162800D0FE0080D13D4BF0000E6FC8813A3BC0000A3008206C3880800E00BC4BF0200B6
S32500C162A046F88813EAF0AC62E6F88813DC00A9974992EA317865EA00766408B218E0F04F39
S32500C162C0DC0EA8DB08B218E0F0CDDC0EA8BBF0EB06FC080018E066F4FF3FDC0EA9DCF0CD2D
S32500C162E0F0EB08D118B008C218E0DC0BA95DDC0EA94C76F400C0E6F50000E04B00BF66FB7D
S32500C16300FF3F76FB00C0F0C5DAC1F6CDF19C27F91000D7400200F2F9AE224993ED04D740BF
S32500C163200200F2F9AC22C0DBE00CE6FD6BA2E6FE000000BD10CEDC0CA9DBEA205264C0DB1E
S32500C16340E06C1BBCE6FD46A5F2FB0CFEF2FC0EFEE6FE000000CD10BE08C218B0E024DC0B98
S32500C16360A8DC08C218B0004FDC0BA8BCF0CDF0EB08D118B008C218E0DC0BA95DDC0EA94CDF
S32500C1638066F4FF3F76F400C0E6F50000E05B00BF66FBFF3F76FB00C0F0C5DAC1F6CD47FD78
S32500C163A03300EA20B063E6FB3200E6FDF6130D19D7400200C2FB0A2F48B2ED0F5C1BD7004E
S32500C163C0C100D4BB8AEF9C0BE6FB55000D08E6FB64000D05E6FB91000D02E6FB3200E6FD6D
S32500C163E0413DD44F0200EA217665D4CF00001BCBE005F2FB0EFEF2FC0CFEA3C90000A300DF
S32500C164008210A3B91000C3222000C3330800DAC1E8D6F0B346F2378936FB4100EAE17665A8
S32500C16420E6FBE803A33B0000A3008210A32B1000F62E0EFEF62F0CFE7BDDE0ABF2F80EFEA0
S32500C164401B9BF2FB0EFE408BEAF17865F08BEA007865D4BF00001BB9E0ADF2FB0EFEF2FC26
S32500C164600CFEA3CD0000A3008210A3BD1000A3008206C3880800F49F0400D4BF0800D4CFE3
S32500C164800600DC0CB99BEA00EE6708B218E0F04FDC0EA8DB08B218E066F4FF3FDC0EA8BBBF
S32500C164A0DC0BA8CD08D218B0F08CDC0BA8BDF09B08C118B008821890DC0BA95CE04B00BF2B
S32500C164C0E6F5000066FBFF3FDC09A94876F400C076FB00C0F0C5DAC1F6CDDC09A998C09BB6
S32500C164E0E00CE6FD73A2E6FE000000BD10CEDC0CA99BEA206C66C09BE06C1BBCE6FD46A51E
S32500C16500F2FB0CFEF2FC0EFEE6FE000000CD10BE08C218B0E024DC0BA8DC08C218B0004F62
S32500C16520DC0BA8BCF0CDF0EB08D118B008C218E0DC0BA95DDC0EA94C66F4FF3F76F400C0C0
S32500C16540E6F50000E05B00BF66FBFF3F76FB00C0F0C5DAC1F6CDD4BF02002D0DD4CF00004A
S32500C16560E6FD1C131BCDF6070EFEF6060CFE7BBBF2F80EFE0D01E008F49F0400F48F05000A
S32500C165806198D4BF0800D4CF0600DC0CB99BEA00EE6708B218E0F04FDC0EA88B08B218E0BC
S32500C165A066F4FF3FDC0EA89BF0B8F0C9DC0CA8DB08B218C0E6F50000DC0CA8BBF0CDF0EB33
S32500C165C008D118B008C218E0DC0BA95DE04B00BF66FBFF3FDC0EA94C76F400C076FB00C0E1
S32500C165E0F0C5DAC1F6CDF0B8F0C906FB100018C0DC0CA99BC09BE0AC1BBCE6FB6CA0F2F5B9
S32500C166000CFEF2F40EFEE6FC0000004B105CDC05A95449543D2BF45F04004951EA306A6660
S32500C1662028F2E135F0B8B95F28F2E145F0C9B95F28F2E11506FB0D0018C0B95F28F2DC0C82
S32500C16640A95B06F80C001890B95F28F2DC09A958E6F3F603B95FD42F0A0008421850DAC161
S32500C1666020C006FF0A00F0120D01E031D4BF0000E6FC8813A3BC0000EA006E6408B218E066
S32500C16680F04FDC0EA8CB08B218E0F0DCDC0EA8BBF0EB08C118B008D218E0DC0BA95CDC0EB8
S32500C166A0A94D66F4FF3F76F400C0E6F50000E04B00BF66FBFF3F76FB00C0F0C5DAC1F6CDB3
S32500C166C047FC3500EA30D866D4BF0000E6FCAA9CA3BC0000EA006E6447FC3200EA30506707
S32500C166E0D4BF000026FB170246FB3701ED2CE0A2F6FB0EFE5B22E00DE6FE9AFFE6F4C10073
S32500C16700E005F2FB0EFEF0CB00CC10DD00CE10D41BB2DC0DA8CCF0DB08D100DD105500DEC0
S32500C167201054F2FB0EFEDC05A88D06FB2102D4DF000020C820BD1BCBF6070EFE5B2202F81D
S32500C167400EFEEA007664E109E49F0400EA00766447FC3300EA306867D4BF0000E6FC413D1B
S32500C16760A3BC0000EA006E6447FC24002D0447FC2500EA308667D4BF0000E6FCF613A3BC53
S32500C167800000EA006E6447FC3600EA307664D48F0000EA00766408B218E0F04FDC0EA8CB94
S32500C167A008B218E066F4FF3FDC0EA8BBDC0BA8DC08C218B076F400C0DC0BA8BCF0CDF0EB71
S32500C167C008D118B008C218E0DC0BA95DDC0EA94CE6F50000E04B00BF66FBFF3F76FB00C02E
S32500C167E0F0C5DAC1F6CDEA006C66E6F12100C0CBE00C00BB10CCE6FD7A40E6FEE00000BDDF
S32500C1680010CED4DF0800D4EF0600DC0EA99D49913D09DC0CB88BD4BF0C00D4CF0A00DC0CA0
S32500C16820B88B0D0BDC0CA8BBD4CF0C00D4DF0A00DC0DB8BC0D02E6F12200F02106FF0E00F6
S32500C1684098AF989F988F987F986F981F980F940F5EFE08F2940F5CFE08F2940FDEFF08F2E6
S32500C16860DB00880F881F886F887F888F889F88AF26FF1800F092F083C4BF0E00C4CF12005D
S32500C16880C4DF1000C4EF1400E00BC4BF0C00F0B870B9EA30A268E6FB1E00C4BF0C00EA00D0
S32500C168A0B06E47F83A008D0447F83B00EAF0BC68E6FB2200C4BF0C00EA00B06EC08BE06C40
S32500C168C01BBCE6FD46A5F2FB0CFEF2FC0EFEE6FE000000CD10BEDC0BA95CEA30EA68E6FBA3
S32500C168E02100C4BF0C00EA00B06E49A02D0249A13D1949B02D0249B13D15D4BF1200D4CF05
S32500C169000E0046FCFFFF36FBFF1FED0CD4BF1400D4CF100046FCFFFF36FBFF1FED03499266
S32500C16920EA903069E6FB1F00C4BF0C00EA00B06ED7400200F2FD0220C09BF0CD00CB46FC97
S32500C169408000FD06E6FB2A00C4BF0C00EA00B06ED7400200F2FC002046FC80008D06E6FBEE
S32500C169602B00C4BF0C00EA00B06EE10747F83B003D01E1170973F1870981C08B5C8BD7402F
S32500C169808000F6FBC601D7408000F2FBC601D7408000F6FBC601E03BD7408000F6FBC401F6
S32500C169A0D7408000F2FBC4018AFBFA80D7408000F2F6C60108D1E116C08B5C8BD7408000E9
S32500C169C0F6FBC601D7408000F2FBC601D7408000F6FBC601E03BD7408000F6FBC401D7401F
S32500C169E08000F2FBC4018AFBFA80D7408000F2F2C60108D1096141698DDFD7400200F6FDF8
S32500C16A000220E00AE7F8FF00F07C0D16F0BAE00C00BB10CC00BB10CCE6FDD8A6E6FE00002D
S32500C16A2000BD10CE08B218C0DC0CA8BB7C5B68B33D02F04A087108A146FA80009D0347F8EB
S32500C16A40FF002DE4C08DE00E00DD10EE00DD10EEE6FBD8A6E6FC000000DB10EC08D218E084
S32500C16A60D7400200F6F70020DC08B989DC0EA84DC07366F4F8FF7043DC0EB84DDC08A999D8
S32500C16A80C09DE00E00DD10EE00DD10EE00DB10EC08D218E0DC0EA84D66F49FFF76F4400004
S32500C16AA0DC0EB84DDC08A999C09DE00E00DD10EE00DD10EE00DB10ECDC0EB9CDDC08A9998C
S32500C16AC0C09DE00E00DD10EE00DD10EE00DB10EC08D118E0DC0EB94DDC08A999C09DE00EE5
S32500C16AE000DD10EE00DD10EE00DB10EC08D218E0DC0EA84D4AF5F403DC0EB84DDC08A99946
S32500C16B00C09DE00E00DD10EE00DD10EE00DB10EC08D218E0DC0EA84D4AF5F484DC0EB84D7F
S32500C16B20DC08A999C09DE00E00DD10EE00DD10EE00DB10EC08D318E0C0C8DC0EB9CD5C5811
S32500C16B40E009F048F03906F41C1016F32000F0B47CEB5C23703B66F4FF3FF008F0B906F071
S32500C16B601E1016FB2000F0C07CEC5C2B70BCC4BF040066F0FF3FF078F0A906F71A1016FAD1
S32500C16B802000F0B77CEB5C2A70AB66F7FF3FC0C666F6FF00C04E5C8E70E6F0D8F0B906FD21
S32500C16BA0061016FB2000F0CD7CEC5C2B70BC66FDFF3FC4DF0200C4BF0A00F0D8F0B906FDA8
S32500C16BC0041016FB2000F0CD7CEC5C2B70BC66FDFF3FC4DF0000C4BF0800F0D8F0B906FD8E
S32500C16BE0021016FB2000F0CD7CEC5C2B70BCC4BF0600F01D66F1FF3FF0D8F0B906FD001004
S32500C16C0016FB2000F0CD7CEC5C2B70BCC4BF160066FDFF3F49A0EA30786DE6FBFF0FDC4374
S32500C16C20B8B4E6FBA000D4CF0400DC4CB8B0F0C8F0B906FC0E1016FB2000F04C7CE45C2B94
S32500C16C4070B466FCFF3F49B03D19E6F40040DC4AB847F037D44F0E005C2466F4FC1FDC4AA8
S32500C16C60784BDC4AB847E6F40020DC4BB84CF03CD44F10005C2466F4FC1F0D34E6F4006071
S32500C16C80DC4AB847F058F03906F5181016F32000F0457CE45C23703466F5FF3FD44F0E00C9
S32500C16CA0DC43B845F037D44F120066F4FF1FDC4A784BDC4AB847E6F40020DC4BB84C06F8EC
S32500C16CC00C1016F92000F0487CE45C29709466F8FF3FD44F1000DC49B848F03CD44F14002A
S32500C16CE066F4FF1FDC4B784BDC4BB84CD4BF0200D4CF0A00DC4CB8EBD4BF0000D4CF0800F5
S32500C16D00DC4CB8EBE6FB0008D4CF0600DC4CB8B1E01BD4CF1600DC4CB8BDD4BF0400DC4BAF
S32500C16D20A8307C83C06B5C5BE00CF0DBF0EC06FD1E1016FE2000F04D66FDFF3F7CE45C2E13
S32500C16D4070E4DC4EA84D7C8406FB1C1016FC2000F1B6F168F04B66FBFF3F7CE45C2C70C4A4
S32500C16D60E6F4FF0FDC4CB84BE6FB2000DC4EB8BD41B43DD8EA00B06EE6FBFF0FDC43B8B40D
S32500C16D80E6FB2006D4CF0400DC4CB8B0E6FB0040DC4AB8B7D4BF0200D4CF0A00DC4CB8EB2B
S32500C16DA0D4BF0000D4CF0800DC4CB8EBE6FB0008D4CF0600DC4CB8B1E02BD4CF1600DC4CF4
S32500C16DC0B8BDD4BF0400DC4BA8407C84C08E5C5EE003F08EF09306F81E1016F92000F0B8E2
S32500C16DE07CEB5C29709BF0BEF0C306FB1C1016FC2000F0DB66F8FF3F66FBFF3F7CED5C2C1E
S32500C16E0070CDE6FDFF0FF1B8DC49A848DC4CB8DBE6FB2002DC49B8B8F0BEF0C306FB1A10E0
S32500C16E2016FC2000F0DB66FBFF3F7CED5C2C70CDE6FD0040DC4CB8DBF0BEF0C306FB06106B
S32500C16E4016FC2000F0DB66FBFF3F7CED5C2C70CDDC4CB86BF0BEF0C306FB041016FC2000AE
S32500C16E60F0DB66FBFF3F7CED5C2C70CDDC4CB83BF0BEF0C306FB021016FC2000F0DB66FBC6
S32500C16E80FF3F7CED5C2C70CDE6FD000806FE001016F32000DC4CB8DBF0BE66FEFF3F7C848C
S32500C16EA07CEB5C23703BE03BDC43B8BE41B43D8ED42F0C0006FF180098AF989F988F987F22
S32500C16EC0986F981F980FDB0028F2E00BE6F44043B3FF0003B3FF2003B3FF0801880F881FC6
S32500C16EE0886F887F888F889F88AF26FF0C00F02FE6F5C200C4BF0800E053DAC1BEECE1097E
S32500C16F00E49F0A00E6FBFF00D740810062FB1A0BD7400200C2FC082F40BC2D05E02BC4BF59
S32500C16F200800EA003673E1090D11C09BE00C00BB10CCE6FDC4A1E6FE000000BD10CED7402B
S32500C16F408100F2FD200BDC0CB8DB0991D7408100F2FB180B8AFB033047F920008DE6E6F0B1
S32500C16F60C8A0E6F80000D7400200F3F4062FE44F0B002D6EF0B0F01806FB0B001810C4BF97
S32500C16F800600DC01A99BEA204670F0B0F0C806FB0A0018C0E105DC0CA9BBF0B0F0C8DC0C96
S32500C16FA0A8DB08B218C0DC0CA8CBF0BDF0EC08B618E0F06CDC0EA89B08B218E0DC0EA8ABE3
S32500C16FC0F0BD08D418C006FB0A001860DC0CA9AD0D19C05DE00C00DD10CCF079F03A007DD0
S32500C16FE0103CC0BDC05C00DCE00C00DD10CCE6F4C4A1E6FE000000D410CE0951DC0CA8CDD8
S32500C17000DC03B8C7F03BDC06495B9D08415A9D06C05CC0BD00CD46FC2000CDDBDC06B95B51
S32500C17020F0B0F0C8DC0CA8DB08B218C0E119DC0CA8BB06FD0B0018B0DC0BB99DD4BF060043
S32500C17040E109DC01B99B06F00C00188029413D92E6FBFFF3D740810064FB3C0AD740020052
S32500C17060F78E082FE10DE6F8C8A0E6F70000F49F0B004990EAF12E72F0B8F0C708B618C095
S32500C17080DC0CA89B08B218C0DC0CA8ABF0BA70B9EA20B270E7F42000D740020023F4082FD0
S32500C170A0DAC1B8ECD4BF0800EA20AE70F02BC42F0800F0B8F0C7DC0CA8DB08B218C0DC0CAD
S32500C170C0A8BBF0CDF0EB08C518E0DC0EA99CEA211A7208D418B0DC0BA99D4990EAF11A7252
S32500C170E0D7400200F3F8082FC09BC08C00BC46FB2000EAB00871D4BF0800EA30DE71E6FBD2
S32500C171005100C4BF08000D6BF0B8F0C706FB0A0018C0E119DC0CB98BF0B8F0C706FB0B0081
S32500C1712018C0DC0CB99BF0B8F0C7DC0CA8DB08B218C0DC0CA8BBF0CDF0EB08C418E0DC0E87
S32500C17140A99CD740020005F9082FDC0BA85D08D218B0E6FC8041DC0BA82DD7408100C2FB93
S32500C17160330AE6FD2000E00EA3BE2200A3008202A3CD0200C3CC2000C3DD0800F0E5F032B0
S32500C17180F09CF0AD06F9000A18A0F0B97CEB5C2A70AB66F9FF3FC09BA01BBD08DC03A80E80
S32500C171A0DC4AB80908E2183028B13DF8F0ED06FC400018E006FC000A18E0C09BF0DC28B1C6
S32500C171C07CED5C2E70EDF0DBBCFD00BB10DD005B102D66FCFF3FDC02A8B5DC4EB8BCF0B8B3
S32500C171E0F0C7DC0CA8DB08B218C0E109DC0CA8BB08D518B0F0C8DC0BB99DF49F0A00C09B4D
S32500C1720000BFF0D708C418D0DC0DA99CE49B0000F49F0A000991E49F0A0006F80C0018706A
S32500C1722009D1D740020043FD062FEA807870E109D740020043F9082F9D7EE6FB00FFD74045
S32500C17240810064FB420AF02F66F2FF3F76F200C0E6F30000DC03A992C09BD740810074FB09
S32500C17260420AF49F0A004991FD5AE11B082118304991FD1EC0BB5C1BF0CB28C2F0DCBCFDAF
S32500C17280E6FE19AFE6F4000000CE10D4DC03A9A228B1DC0DB9ACF0CBBCFC00BE10C4082170
S32500C172A01830DC0CB9AB09B1F49F0A0041B98DE2D7400903C2FB2902F0CB5C2CF0DC06FD96
S32500C172C040EC06FC42ECE00EE6F419AFDC0EB84DE6FD424A5C1BDC0EB8DCF0CB06FC80EC7F
S32500C172E006FBC0FEE6FD00005C8DDC0EB8DCDC0EA8DC5FFDDC0EB8DCDC0EA8CB66FC00FFB8
S32500C17300DC0EB8CBDC0EA8CB76FC0C00DC0EB8CBE6FB0040D740810074FB400A0D06E6FB8B
S32500C17320FFBFD740810064FB400AE6FB0004D740810074FB3C0AD42F080006FF0C0098AFF2
S32500C17340989F988F987F986F981F980F940F5EFE08F2940F5CFE08F2940FDEFF08F2DB0047
S32500C1736028F2F0E4F035B3FF0003B3FF2003B3FF0801880F881F886F887F888F889F88AF3D
S32500C1738026FF0E00E00B47F48000C4BF0C009D22C04DD48F0C0000DD108800DD1088E6FBB8
S32500C173A0D8A6E6FC000000DB108CF0BDF0C808B218C0DC0CA8BBF0CB7C5C68C3EA30CC73D6
S32500C173C0E6FB2100C4BF0C00EA00B27748C23D028AFB0630E6FB2900C4BF0C00EA00B27792
S32500C173E0F0B370BEEA30F473E6FB1E00C4BF0C00EA00B277F0BDF0C808B118C0DC08A99DB3
S32500C17400E49F0900DC0CA99BE49F0A00F49F0900C09B5C5BE00C06FB061016FC2000F04B42
S32500C1742066FBFF3F7CE45C2C70C4DC4CA85BF0BDF0C808B318C0E109DC0CA98BC08B5C5B9F
S32500C17440E00C06FB1C1016FC2000F09B66FBFF3F7CE95C2C70C9DC4CA8BB8AFB4780E119F9
S32500C17460F44F0A004184EA307074F48F09000D3AC08B5C5BE00C06FB1F1016FC2000F09B87
S32500C1748066FBFF3F7CE95C2C70C9DC4CA98B0D2AC08B5C5BE00C06FB1C1016FC2000F09BF5
S32500C174A066FBFF3F7CE95C2C70C9DC4CA8BBE1043AFBF2800194F44F0A004184EA30C6742E
S32500C174C0F48F09000D0FC08B5C5BE00C06FB1F1016FC2000F09B66FBFF3F7CE95C2C70C99D
S32500C174E0DC4CA98B41959D02418A3DD24159EAF0FE74E6FB2C00C4BF0C00EA00B277C4EFD2
S32500C175000600C43F0400C4DF0200D4BF020008B31880C4BF0200C48F0000F155EC88E45F35
S32500C175200800FC88EA21B277D4BF0200D4CF0000DC0CA99BC0915C51E005F031F08506F3EE
S32500C175401C1016F82000F0B366F3FF3F7CEB5C28708BE6FB0003C094DC48B8B35C54D4BFE0
S32500C175600600D4CF0400F004F065F09BF0AC06FB0E0018C006F01A1016F62000C4BF06006B
S32500C17580F0B07CEB5C26F079F0EAC4CF0400706B06F70A0018E0F0B9F0CA06FB090018C0A2
S32500C175A066F0FF3FDC0EA8D7DC0CA95B3D0CE6FB0040DC46B8B05C2D66FDFC1FDC4678D8AE
S32500C175C0DC46B8D00D21E6FB0060DC46B8B0F024F0B506F2181016FB2000F0C266F2FF3FEF
S32500C175E07CEC5C2B70BCDC4BB8D2DC0EA8B7087218E0DC0E83B72201DC0EA8B766FBFF1F2E
S32500C17600DC4678B8DC46B8B0F0B9F0CA08B118C0F0D5DC0CA95BC05BDC0AA9595C8BC05C1C
S32500C1762070BCF0C406FC101016FD2000F0EC66FCFF3F7CEE5C2D70DEDC4DB8BCF0B9F0CA91
S32500C1764008B318C0F0DADC0CA95BF0C908C218D0C05BDC0DA95C5C8BC05C70BCF0C4F0D5FE
S32500C1766006FC121016FD2000F0EC66FCFF3F7CEE5C2D70DEDC4DB8BCF0B9F0CA08B518C09A
S32500C17680F0DADC0CA95BF0C908C418D0C05BDC0DA95C5C8BC05C70BCF0C4F0D506FC141029
S32500C176A016FD2000F0EC66FCFF3F7CEE5C2D70DEDC4DB8BCF0B9F0CA08B718C0F0DADC0CCA
S32500C176C0A95BF0C908C618D0C05BDC0DA95C5C8BC05C70BCF0C4F0D506FC161016FD200064
S32500C176E0F0EC66FCFF3F7CEE5C2D70DEDC4DB8BCF024F0B506F2021016FB2000F0C266F26B
S32500C17700FF3F06F9080018A07CEC5C2B70BCDC4BA8C266FCFFF0DC4BB8C2DC0AA999C09C83
S32500C177205C8C66FC000FDC4B78CADC4BB8C206F11E1016F52000F0B166F1FF3F7CEB5C25B1
S32500C17740705BE6FB2808DC45B8B1E6FB4200DC48B8B3E6FB0003DC45B8B1D4BF0200D4CFA4
S32500C177600000DC0CA99BF48F0A004198EA307677F49F09000D0FC09B5C5BE00C06FB1F10C3
S32500C1778016FC2000F0DB66FBFF3F7CED5C2C70CDDC4CA99BD4BF0200D4CF0000DC0CB99B78
S32500C177A0F49F08002991EC88E49F0800FC88EA302875D42F0C0006FF0E0098AF989F988FAC
S32500C177C0987F986F981F980F940F5EFE08F2940F5CFE08F2940FDEFF08F2DB0028F2E00B1C
S32500C177E0F194B3FF0003B3FF2003B3FF0801880F881F886F887F888F889F88AF26FF100012
S32500C1780027F91800E45F0E00C4BF0600E49F0D004997FD08F19427F92E004993FD034947DB
S32500C17820EAE1D27BC04BE06C1BBCE6FD46A5F2FB0CFEF2FC0EFEE6FE000000CD10BEDC0B16
S32500C17840A99C47F90D00EA31CC7B08C218B0DC0BA80C08C218B0DC0BA81C4947EAE0187918
S32500C17860F0B0F0C1DC0CA88B08B218C008041810DC0CA89BF0B8F0C908B418C0E034DC0CF3
S32500C17880A9DBDC01A8B008021810004FDC01A8C0DC0CA94B66F4FF3F76F400C0E6F5000029
S32500C178A0DAC1C2E9E119D740020043F9092FEA30F078C0DBE00CE6FD11AFE6FE000000BDE7
S32500C178C010CEDC0CA99B4991EA30DA78F48F0300EA30DA78E6FB6F000D0949903D09F49F87
S32500C178E003004991EA30F078E6FB6E00C4BF0600DC09A948F45F0E00DAC194E9C0DBE00CB4
S32500C17900E6FD11AFE6FE000000BD10CEF49F0E00DC0CB99BEA00DA7BF0B0F0C108B418C07D
S32500C17920E005DC0CA8DB08B218C0C4DF0A00DC0CA8BBC4BF0800D4CF0A0008C218B0DC0BF5
S32500C17940A99CE49F0C00F49F0E0049913D02E6F5FF00D47F0A00D46F080008711860D4BFCC
S32500C179600A00DC06A967D4CF0800DC0CA94BE02A00AF66FAFF3F76FA00C0E6F90000F08FD8
S32500C1798066F8FF3F76F800C0F49F0D004997EAE0B279F15ADAC18CE3DC01A8B00802181025
S32500C179A0F0DBDC01A8C0F0EC08D218E0DC0EA94D0D2AF49F0C00C09B26FB0800F0CBBCFC95
S32500C179C0E06DA3CD0000A3008210A3BD1000C3BB2000C3CC0800E6FD40A2E6FE000000BDE3
S32500C179E010CE08B418C0DC0CA99B4991EA30F279E10AF15ADAC18CE3DC01A8B0080218101C
S32500C17A00E104DC01A8C008B118C0F048DC0CA95BF059F0BAF0C9DAC1F6CDF49F0C00C098BF
S32500C17A20E0090088109900881099E6FB04A2E6FC0000008B109CC09BE00CE6FD34A2E6FEB0
S32500C17A40000000BD10CEDC0CA99B4994EA80947BE7F49500E044004F66F4FF3F76F400C09D
S32500C17A60E6F50000DAC1C2E9F49F02004991EA318C7BF49F0400EA308C7BF0B8F0C908B2BA
S32500C17A8018C0F028DC0CA99BF0B9082318B0DC0B499A2D0DF028F0B9082118B0DC0B499AE7
S32500C17AA0EA209A7BE6FB7000C4BF06000D76F48F0D004987ED1949913D0AD4BF000046FB28
S32500C17AC06602EA90CE7AE6FB6F00C4BF060049903D64D4BF000046FB6602EA809A7BE6FBC6
S32500C17AE06E00C4BF06000D5949913D13D4BF000046FB0A00EA90FE7AE6FB6E000D08D4BF71
S32500C17B00000046FBE803EAF0127BE6FB6F00C4BF060028F2E109E7F8FF00B99F884F28F207
S32500C17B20E6F3F603E06DB99F28F2DC06A997B99FD4BF1200D4CF100028F2DC0CA99BB99F7D
S32500C17B40D42F0A00F49F1600C09B26FB0800F0CBBCFCA3CD0000A3008210A3BD1000C34495
S32500C17B602000C3550800E6FB40A2E6FC0000004B105CDAC120C006FF0A0046F22300EA30A3
S32500C17B809A7BE6FB2300C4BF06000D07E03BC4BF06000D030991DC0CB99BF0B8F0C908B3C2
S32500C17BA018C0E035C0AD28D1E00EF048F029004D102EDC02A994DC0CB99B28B138C0A025F4
S32500C17BC09DF1F49F0E00DC09B9980D07E6FB21000D02E6FB2200C4BF0600D42F060006FFBA
S32500C17BE0100098AF989F988F987F986F981F980F940F5EFE08F2940F5CFE08F2940FDEFF1D
S32500C17C0008F2DB00880F881F886F887F888F889F88AF26FF8400F124E105E45F0000E45FED
S32500C17C208100E7F3FF0029250122E00BC4BF8200F09F06F9410066F9FF3F76F900C0E6FA47
S32500C17C400000F07F06F7810066F7FF3F76F700C0D7400200C2FB2C205C1B46FB4000AD40A1
S32500C17C60E6FB2DA0E6FC0000DC0CA99B2D33D7400200F78E2D20F059F04AE6FB2CA0E6FC24
S32500C17C800000DC0CA94B4940FD22D7000000F2F828A0D7000000F2F32AA0F0E8F003088235
S32500C17CA01830DC00A86E7C86DC04B9C508521840C0565C160861E00BF0D9F0CA00D610CBA1
S32500C17CC0DC00A86EDC0CB9CD095141548DE6DC0AB9470D0FE109DC0AB999DC0AB9970D09AB
S32500C17CE0E109DC0AB999DC0AB997E6FB3D00C4BF8200D42F8200E109D740020043F9FE2E52
S32500C17D00EA20107DF43F4200D7400200F78EFE2EE6FC48A0E6FD0000DC0DA8EC48E0EAE0AA
S32500C17D202E7DE109D740020043F9FF2E2D74E10BD740020043FBFF2EEA20EE7DE129E49F52
S32500C17D400100D7400200F2FB4620F04B7C84E48F0200F04BE48F0300E139E49F0000F19B65
S32500C17D603AFEF508F03ED7000000F2FE4AA0D7000000F2F84CA00D10C099009FDC08A98E4B
S32500C17D8008E11880E48904000991F48F00000981E48F0000283108B1C0B94039FD12499024
S32500C17DA0EA20AC7DF09B66F91F002D0B9AF40580F09B089166F91F002D04F48F000041825C
S32500C17DC08DDBD7000000F6FE4AA0D7000000F6F84CA0D7400200F6FB4620DC0DB83CD740AA
S32500C17DE00200F78EFF2E4830EA302E7F0D5247F3FF00EA21127F9AF10280EA00127FE169C3
S32500C17E00E49F0100E119E49F0000D7400200F7F9FF2EEA002E7FE6FD50A0E6F80000DC0838
S32500C17E20A8ED48E0EAE0347EE109D740020043F9002F2D7DE109D740020043F9002F2D2E61
S32500C17E40D7000000F2FB52A0D7000000F2FC54A0D7400200F3F9012FE6FD410000DFF1992A
S32500C17E602D09F48D0300DC0CB98B08D108B118C029913DF7D7000000F6FB52A0D70000006C
S32500C17E80F6FC54A0D7400200F78E002F48E0EA302E7FD7400200F78E56200D4947F3FF00D6
S32500C17EA02D388AF13680E13BE4BF0100E6FB4EA0E6FC0000DC0CA84BF0347C83E46F0200A1
S32500C17EC0E48F0300E4BF0000E1090D0CC09B00BFE1080991E48B0400F48F00000981E48F2F
S32500C17EE0000028E148E0FD04F48F000041828DEEDC08B8EDC09BD740020004FB4E20E11865
S32500C17F00D7400200F7F8002FD7400200F7F9012F0D0EE159E49F0100E109E49F0200E119E8
S32500C17F20D7400200F7F9FE2EE129E49F0000E00EE6F527A0E6F80000F0DF66FDFF3F76FD67
S32500C17F4000C0E6F90000DC09A98DF198299147F940009D52E1094980FD39E01A00AF66FAFC
S32500C17F60FF3F76FA00C0E006C091F00AF0B9000110B6C09C0EFCF03CF076D700000002F367
S32500C17F8022A0D700000012F724A0DC0BA980C08B9AF41480DC07A80366F000FFDC07B803B6
S32500C17FA0F03CD700000002F322A0D700000012F624A0DC0678BBDC06B8B30D035C8BDC0761
S32500C17FC0B8B3F03D0991DC09499B8DCDC0937C13E1084AF4F4800168D7400200F7F6262053
S32500C17FE0E119DC08B995E7F92000E6FB2CA0E6FC0000DC0CB99B0D08D7400200F78E2720C9
S32500C180004980FD02E6FE3D00702E06FF840098AF989F988F987F986F981F980FDB00880FF6
S32500C18020881F886F887F888F889F88AF26FF0C00C4BF0200C4CF0600C4DF0400C4EF0800AE
S32500C18040E00BC4BF0000F0B370B2EA305A80E6FB1E00C4BF0000EA00028447F83A008D0436
S32500C1806047F83B00EAF07480E6FB2200C4BF0000EA000284C08BE06C1BBCE6FD46A5F2FBD2
S32500C180800CFEF2FC0EFEE6FE000000CD10BEDC0BA9BCEA30A280E6FB2100C4BF0000EA009F
S32500C180A0028449902D0249913D1649A02D0249A13D12D4BF0600D4CF020046FCFFFF36FB3E
S32500C180C0FF1FED09D4BF0800D4CF040046FCFFFF36FBFF1FFD06E6FB1F00C4BF0000EA0084
S32500C180E00284D7400200F2FB022046FB80008D06E6FB2A00C4BF0000EA000284D7400200A0
S32500C18100F2FB002046FB80008D06E6FB2B00C4BF0000EA000284E10B47F83B003D01E11B98
S32500C1812009B3F18B0981C08C5C8CD7408000F6FCC601D7408000F2FCC601D7408000F6FC5D
S32500C18140C601E03CD7408000F6FCC401D7408000F2FCC4018AFCFA80D7408000F2F6C60197
S32500C18160D7400200248F0220E00CE7FEFF000D16F0DCE00E00DD10EE00DD10EEE6F8D8A68B
S32500C18180E6F9000000D810E908D218E0DC0EA8DD7C5D68D33D02F07C08B108C146FC800024
S32500C181A09D0347FEFF002DE4D7400200F6FB0020C0EBE00C00BB10CC00BB10CCE6F8D8A6B8
S32500C181C0E6F9000000B810C908B218C0DC03B9E2DC0CA8DBC0BE66FDF8FF70DEDC0CB8DB50
S32500C181E0DC03A982C08BE00C00BB10CC00BB10CC00B810C908B218C0E007DC0CA8DB66FD71
S32500C182009FFF76FD2000DC0CB8DBDC03A982C08BE00C00BB10CC00BB10CC00B810C9F007F4
S32500C18220DC0CB9CBDC03A982C08BE00C00BB10CC00BB10CC00B810C908B218C0F0A7DC0CFA
S32500C18240A8DB4AF4FD83DC0CB8DBDC03A982C08BE00C00BB10CC00BB10CC00B810C908B2E1
S32500C1826018C0C0C3DC0CA8DB4AF5FD04DC0CB8DB5C53F013F06706F11C1016F62000F0B1BD
S32500C182807CEB5C26706B66F1FF3FF02306F21E1016F02000F0B27CEB5C20700B66F2FF3FC9
S32500C182A0F0E306FE1A1016FA2000F0BE7CEB5C2A70AB66FEFF3FF083F09706F8021016F955
S32500C182C02000F0B87CEB5C29709B66F8FF3FF0D3F0B706FD001016FB2000F0CD7CEC5C2B22
S32500C182E070BCC4BF0A0066FDFF3F49903D75E6FBFF0FDC46B8B1E6FBA000DC40B8B2F0C39E
S32500C18300F0B706FC0E1016FB2000F04C7CE45C2B70B466FCFF3F49A03D19E6F40040DC4A38
S32500C18320B84EF02ED44F02005C2466F4FC1FDC4A784ADC4AB84EE6FE0020DC4BB8ECF02C39
S32500C18340D4EF04005C2E66FEFC1F0D34E6F40060DC4AB84EF053F02706F5181016F220003A
S32500C18360F0457CE45C22702466F5FF3FD44F0200DC42B845F02ED44F060066F4FF1FDC4AD1
S32500C18380784ADC4AB84EE6FE0020DC4BB8EC06F30C1016F72000F0E37CEE5C27707E66F310
S32500C183A0FF3FD4EF0400DC47B8E3F02CD4EF080066FEFF1FDC4B78EADC4BB8ECE6FB00088D
S32500C183C0DC49B8B8E00BD4CF0A00DC4CB8BDE6FB1900DC46B8B10D15E6FBFF0FDC46B8B1EB
S32500C183E0E6FB2006DC40B8B2E6FB0040DC4AB8BEE6FB0008DC49B8B8E00BD4CF0A00DC4C2E
S32500C18400B8BDD42F000006FF0C0098AF989F988F987F986F981F980FDB0028F2E00BE7F92B
S32500C184203700B3FF0003B3FF2003B3FF0801880F881F886F887F888F889F88AF26FF100013
S32500C18440C4BF0C00E49F0E00E6FB90A6C4BF0A00E6FB0000C4BF0800D4BF0A00D4CF0800DD
S32500C18460DC0CA99BEA204487F44F0E00DAC1B6A5F49F0E00C09B26FB380048B1ED0A5C1B31
S32500C18480D700C100D4BBBAEF9C0BE1990D03E1890D01E109C09B5C9BC4BF0000F0CBBCFC6A
S32500C184A0C4CF020006FB184116FC2000C4BF06007CEB5C2C70CBC4CF0400D4BF060066FB90
S32500C184C0FF3FC4BF0600DC4CA8EBE001EA007E86D4BF0000D4CF020006FB204116FC2000B8
S32500C184E0F0DB66FBFF3F7CED5C2CD48F0000D49F020070CD06F8224116F92000DC4CA85B8A
S32500C18500F0B866F8FF3F7CEB5C29709BDC49A838E001E105F44F0E00DAC12AD3F1443D032F
S32500C18520E6F146000D79D4DF0A00D4EF080008D218E0F0BDF0CEDC0CA84B08B218C0E6F2C7
S32500C185400A02DC0CA8BBDC0BA994C09BA3B20000C3BB2000C3440800E6FADCA9E6F600003B
S32500C18560F0CBF07400CA1076E6FAD8A8E6F6000000BA104606FB06021840DC04A99BC09B99
S32500C18580E00400BB104400CB1074F0BDDC07B9ACF0CEDC0CA84B08B218C0DC0CA8BBDC0B80
S32500C185A0A994C09BA3B20000C3002000C3440800F070F054000A104606F006021840E6FCD9
S32500C185C0DDA9E6FB0000DC04A990007C105BC09BE00C00BB10CC007B105CDC05B967DC0EBD
S32500C185E0A8BD08D218E0DC0EA8CDDC0CA99BC09B1BB2F2FB0CFEF2FC0EFE00CA10B606FC47
S32500C18600060218B0DC0BA99C47F980009D0209910D01E109DC0BB99CD4BF0600D4CF04002A
S32500C18620DC4CA8EBDC49A84867F81000EA207E86E6FB4900C4BF0C00D4BF0A00D4CF080025
S32500C1864008B218C0DC0CA8DB08B218C0DC0CA8BBDC0BA99DC09BE6FC0A021BBCE6FDD8A8C9
S32500C18660F2FB0CFEF2FC0EFEE6F4000000CD10B406FC080218B0D4DF0C00DC0BB8DC8AFE41
S32500C1868003304810EA20D08448102D23C41F0C00D4BF0A00D4CF080008B218C0E6FE0000D5
S32500C186A0DC0CA8DB08B218C0DC0CA8BBDC0BA99DC09BE6FC0A021BBCE6FDD8A8F2FB0CFE04
S32500C186C0F2FC0EFE00CD10BE06FC080218B0DC0BB81CD4BF0000D4CF020006FB444016FCE0
S32500C186E02000F0DB66FBFF3F7CED5C2C70CDDC4CA8BB9AFB27B0E6FB4800C4BF0C00D4BFB9
S32500C187000A00D4CF080008B218C0E6FE0000DC0CA8DB08B218C0DC0CA8BBDC0BA99DC09B97
S32500C18720E6FC0A021BBCE6FDD8A8F2FB0CFEF2FC0EFE00CD10BE06FC080218B0D4DF0C002B
S32500C18740DC0BB8DCD4BF0A00D4CF080008B618C0C4BF0A00C4CF0800F49F0E000991E49F13
S32500C187600E0047F93900EAF05884D42F0C0006FF100098AF989F988F987F986F981F980FB0
S32500C18780940F5EFE08F2940F5CFE08F2940FDEFF08F2DB00880F881F886F887F888F889F53
S32500C187A088AF26FF0C00E00B47F43A00C4BF0A008D0447F43B00EAF0C687E6FB2200C4BFE9
S32500C187C00A00EA00928AC04BE06C1BBCE6FC46A5F2FB0CFEC4BF0800F2FB0EFEE6FD000069
S32500C187E0D4EF080000BC10EDC4BF0600C4EF0800DC0EA99B3D06E6FB2100C4BF0A00EA0000
S32500C18800928AE109E49F040047F43B003D03E119E49F0400F49F04000993E49F0400C09BB8
S32500C188205C8BE00C06FB000216FC2000F0DB7CED5C2C70CD66FBFF3FE01DDC4CB8DB47F4DE
S32500C188403B003D08E7F47200E105DAC156ECE7F434000D07E7F43200E105DAC156ECE7F4F3
S32500C188603300E105DAC156ECD7400200F2F10020D7400200F2FD0220E6FED8A6E6F40000B9
S32500C18880E00BC4BF0200F05EF08408521880F45F0400DC08A8B5F0CB68C7C05240C2EA313C
S32500C188A0F6897C5B68B3EA21F689DC04A95E48B1EA301A89C05B5C5BE00C06FB1C1016FC5C
S32500C188C02000F03B66FBFF3F7CE35C2C70C3DC4CA83B5FF3DC4CB83BD7408000F68EC60173
S32500C188E0C05BD740800074FBC601E02BD7408000F6FBC401D7408000F2FBC4018AFBFA8029
S32500C18900D7408000F2FBC601DC08A8B566FB9FFFDC08B8B5281128D10D6E48B2EA30F68974
S32500C18920C0595C59E00A06F9041016FA2000F0B966F9FF3F7CEB5C2A70ABDC4AA839DC4AFA
S32500C18940A8297C8341642D50C0665C56E007F0B6F0C706FB1E1016FC2000F156F03B66FB0E
S32500C18960FF3F7CE35C2C70C3DC4CA83BF006F0C706F01C1016FC2000F0B066F0FF3F7CEB31
S32500C189805C2C70CBDC4CA8B05FFB06F6001016F72000DC4CB8B0F0B666F6FF3F7CEB5C2780
S32500C189A0707BDC47A8B666FBF0FFDC47B8B6D7408000F68EC601C05BD740800074FBC601D9
S32500C189C0E02BD7408000F6FBC401D7408000F2FBC4018AFBFA80D7408000F2FBC60128D1EC
S32500C189E0DC4AA869415C3DB0DC08A8B566FB9FFFDC08B8B5281108E41840D4BF020086FBCB
S32500C18A007F00C4BF0200EA808688D4CF0600D7400200F6FD0220D7400200F6F10020E10932
S32500C18A20D4BF0800DC0BB99CD7400903F3F93E03D7400903F3F83F03E49F0000E48F010001
S32500C18A40E118F0BFE00CA99BC09DE06E1BDEE6F546A5F2FD0CFEF2FE0EFEE6F2000000E55B
S32500C18A6010D2DC0DA99EEA206C8AE10808B1801C8DEA4980EA20928ADAC1CCE3E60F020038
S32500C18A80CC00CC00CC00DAC1AEDDD7400200F78EF72ED42F0A0006FF0C0098AF989F988FFF
S32500C18AA0987F986F981F980FDB00880F881F886F887F888F889F88AF26FF0800F104F013C2
S32500C18AC0F115F1C8E49F0400E00BC4BF060047F03A008D0447F03B00EAF0E48AE6FB220056
S32500C18AE0EA00908D46F17D008D1646F1E803ED13F191299149928D0F47F11000ED0CF19CAE
S32500C18B00299149918D0847FC0800ED05F49F04004994EAF01E8BE6FB1F00EA00908DE10940
S32500C18B20D740020043F9F72EEA30F28BDAC1CCE3E60F0300CC00CC00CC00E6FB4082D740FD
S32500C18B408000F6FB0C00E6FB4100D7408000F6FB0002D7408000F6FB0003D7408000F6FB12
S32500C18B600004D7408000F6FB0005D7408000F6FB0006D7408000F6FB0007D7408000F68E65
S32500C18B80C601D7408000F2FBC601D7408000F6FBC601E01BD7408000F6FBC401D7408000CE
S32500C18BA0F2FBC4018AFBFA80D7408000F2FBC601E6FBBFFFD740800064FB0002D7408000C4
S32500C18BC064FB0003D740800064FB0004D740800064FB0005D740800064FB0006D7408000E4
S32500C18BE064FB0007DAC1AEDDE119D7400200F7F9F72EC00BE06C1BBCE6FC46A5F2FB0CFE48
S32500C18C00C4BF0200F2FB0EFEE6FD0000D4EF020000BC10EDC4BF0000C4EF0200DC0EA99B48
S32500C18C20EA308C8DE10D47F03B003D01E11D09D3C0D75C87E00AF087F09A06F8000216F94E
S32500C18C402000F0B866F8FF3F7CEB5C29709BE6FB4100DC49B8B8F0B7F0CA06FB080216FCBD
S32500C18C602000F0DB66FBFF3F7CED5C2C70CDDC4CB8AB4910EA307A8CE15149C0EA30828C0E
S32500C18C80E13CF49F0400EA30908CE129E49F0400C01CC0CD00CD08C11B1CE6FBC8AFF2FC16
S32500C18CA00EFEF6FB0EFE5BCCC0CC28C15CCCF0DAF2F40EFE298167F83F00C08B70BCC01CC9
S32500C18CC028C15C8CF49F040070BCC09C28C15C6C70BCF0C706FC100216FD2000F0EC66FCC4
S32500C18CE0FF3F7CEE5C2D70DEDC4DB8BC47F03B003D08E7F47200E1A5DAC156ECE7F434001B
S32500C18D000D07E7F43200E1A5DAC156ECE7F43300E105DAC156ECC0DB5C8BE00C06FB0C02BA
S32500C18D2016FC2000F0DB66FBFF3F7CED5C2C70CDE00EDC4CB8EBF0B7F0CA06FB160216FC5D
S32500C18D402000F0DB66FBFF3F7CED5C2C70CDE6FD800006F7140216FA2000DC4CB8DBF0B78C
S32500C18D6066F7FF3F7CEB5C2A70ABDC4AB8E7DC49A8B866FBBEFFDC49B8B8D4CF0000E7F909
S32500C18D801500D4BF0200DC0BB99C0D04E6FB2000C4BF0600D42F060006FF080098AF989FF7
S32500C18DA0988F987F986F981F980FDB00880F881F886F887F888F889F88AF26FF0C00F1C6D5
S32500C18DC0F084E44F0800E45F0900C4BF0600C4CF0400C4DF0200E4AF0A00E4BF0B00F09E33
S32500C18DE0F1D7DAC1FEDAF14CF15DDAC156ECE105F14CDAC194E9E6FDFFFF1B8DE11EF1FE57
S32500C18E00E109E49F0000E6FB8096E6FC984CF2F30CFEF2F20EFEDAC1C4DEF042F053F02BB5
S32500C18E20F03CDAC1B6C6F0B2F0C30D25F14FDAC124EAF04BF05CDAC1FEE1F1443D1AD4DF78
S32500C18E400200E6F200B4DC09B9EDC0FD1BD8D4DF0600E6F3C404F2F40EFEF2F50CFEDAC1AA
S32500C18E60E8D68120D4EF0400DC0EB82DE119E49F000001FF09E147FE0800ED03F49F0000FF
S32500C18E802DD5F49F0800C09D5C7DF0ED06FE26EAE005F02D06F22CEAF03D06F340EAF49F54
S32500C18EA009004993EA30F48FDC05A8BE8FFBDC05B8BEF0BD06FB58EAF0A5DC05A8CB66FC06
S32500C18EC0FFF4DC05B8CBF0BD06FB56EAE6FCE43FDC05B8CBF4CF08005C2609C3C0C80887ED
S32500C18EE0008810AA008810AAE6FB2642E6FCC200008B10ACF0B8F0CA08B118C0C0C6DC0C92
S32500C18F00A98BF075E6FC60F1E00B0066107700C610B7DC0AA99867F90F00C098F1986993E6
S32500C18F2069845C28C09AC084708A5C647084DC0BB88CF0BD06FB54EAE6FCFFF7DC05B8CB5A
S32500C18F40F49F0A00C09BE0AC1BBCE6FB9CA1F2F80CFEF2FA0EFEE6FC000000AB108CF0BA12
S32500C18F60F0C808B618C0F49F0B00DC0CB99BF0BAF0C808B718C008A21880F49F1A00DC0C32
S32500C18F80B99BE6FCFFFFDC08B8CADC05A8B266FBFFF8DC05B8B2D4BF0200DC09A99BC09B79
S32500C18FA028B168B75C8BDC0578BADC05B8B2F0BDD42F060006FB32EA06FD36EAF04CD48F18
S32500C18FC00400DC08284ADC05B84BD4BF0400DC0B28CADC05B8CDDC05A8BEEFFBDC05B8BE2E
S32500C18FE0DC05A8B3FFFBDC05B8B3DC05A8BE76FB00420D46DC05A8BE0FFBDC05B8BEF0BD86
S32500C1900006FB46EAE008E6FC3303DC08B8CBDC05A8B266FBF8FFDC05B8B2D4BF0200E6FC9C
S32500C19020FFFFDC09A99BC09B28B168B7DC0578BADC05B8B2F0BDD42F060006FB12EAD44FBB
S32500C190400400DC0428CADC08B8CBF49F0900C09B5C1BF0CB00CD06FC20EAE6FDFFFFDC0845
S32500C19060B8DCDC05A8CE6FFCDC05B8CEE01C4CCBDC0578CBDC05B8C3DC05A8BE76FB4200DF
S32500C19080DC05B8BE06FF0C0098AF989F988F987F986F981F980FDB00880F881F886F887F69
S32500C190A0888F889F88AF26FF0A00F01547F48000C44F0000E004C44F06009D1DC044D45F84
S32500C190C006000044105500441055E6F3D8A6E6F800000043105808421850DC05A844F054CE
S32500C190E07C556853EA30EE90E6F421000D0F48513D029AF40330E6F429000D08F041D45F59
S32500C1910000007045EA301091E6F41E00C44F0600D44F0600EA306A93C044E0050044105535
S32500C1912000441055E6F2D8A6E6F3000000421053E002DC05A994C0955C55C45F080006F5BF
S32500C191401C1016F22000C45F04007CE55C227025C42F0200D45F040066F5FF3FC09AC45F17
S32500C1916004005C5ADC42A895E002F03A06F31A1016F22000F04366F3FF3F7CE45C22702480
S32500C19180DC42A853E1094AF5F4D8D45F0000F08106F509001880DC08B995D46F0000F081D4
S32500C191A006F60A00188049903D0BDC42A8437C2466F4FF07DC08B84608621880E0040D2724
S32500C191C0F04AE00506F4181016F52000F07466F4FF3F7CE75C257057DC45A804F056F0486A
S32500C191E0DC04B80508521840F006E007DC04B875F058DC05787808021850DC42A84366F481
S32500C19200FF1FDC057848DC08B87608621880F02AE00306F2021016F32000DC08B846F08230
S32500C1922066F2FF3FD44F0000F05106F4080018507CE85C237038DC43A8227C8267F40F0027
S32500C19240DC05B944F04AE00506F4101016F52000F02466F4FF3F7CE25C257052DC45A844AB
S32500C19260D45F0000F021DC01B985085118207C84DC02B985F04AE00506F4121016F52000B5
S32500C19280F02466F4FF3F7CE25C257052DC45A844D45F0000F02108521820DC02B985D45F88
S32500C192A00000F021085318207C84DC02B985F04AE00506F4141016F52000F02466F4FF3F13
S32500C192C07CE25C257052DC45A844D45F0000F02108541820DC02B985D45F0000F021085584
S32500C192E018207C84DC02B985E00406FA161016F42000F05A7CE55C24704566FAFF3FD45F6E
S32500C193000000F02108561820DC44A84ADC02B985D45F0000085718107C84DC01B985D44FB9
S32500C193200400D45F0200DC45A8449AF917304094EA306293D44F080006F41C10E6FB190018
S32500C19340F0C4E6FD8000DC5DA8ECB8BCF04E9AF40340E6FB28000D078AF40730E6FB2D00FF
S32500C193600D02E6FB3000C4BF0600D42F060006FF0A0098AF989F988F987F986F981F980F44
S32500C19380DB00880F881F886F887F888F889F88AF28F6F1D4F135E00BC4BF0400E108F19D88
S32500C193A027F926004997FD0447FD3400EA30B493E1A80D0C49D7EAE0BE93E1B80D07F19DCE
S32500C193C027F920004993EAE0CC93E1C8C0DBE06C1BBCE6FC46A5F2FB0CFEC4BF0200F2FBE4
S32500C193E00EFEE6FD0000D4EF020000BC10EDC4BF0000C4EF0200DC0EA99BEA310896C08BCF
S32500C1940026FB0A0048B2EAE002965C1BD700C100D4BB90EF9C0B47FD34002D0749312D05E2
S32500C1942049302D034932EA30F694D4BF0000D4CF020008B218C0E105DC0CA88B08B218C040
S32500C19440DC0CA89BDC09A948DAC156EC47FD34002D1FC03B28B148B1ED095C1BD700C100D1
S32500C19460D4BBA2EF9C0BE1130D01E123F0A8F06908A2186008811890DC06A94AF153DAC160
S32500C19480EEE9F154DC09A948DC06A96ADAC18CE3D4CF0000E1A9D4BF0200DC0BB99CEA002C
S32500C194A01096D4BF0000D4CF020008B218C0E105DC0CA8DB08B218C0DC0CA8BB08D418B0A3
S32500C194C0DC0BA8CD08D218B0DC0BA8BDDC0BA94CDAC156ECD4CF0000E1B9D4BF0200DC0B09
S32500C194E0B99CEA00109649312D0A49302D0849322D0649342D04E6FB1F00EA000C96D4BFE6
S32500C195000000D4CF020008B218C0E145DC0CA80B08B218C0F070DC0CA8ABF0B0F0CA06FB04
S32500C195200F0018C0F06A06F70E001860F090F08A06F90C001880DC0CA94BDAC156ECDC0668
S32500C19540A947E115DAC1EEE9F154DC08A949DC06A967DAC18CE34934EA30A895F0B0F0CAA7
S32500C19560DC0CA87B08B218C0E114D700C200F2F43A43D700C200F2F53C43E106E7F7FE00D4
S32500C19580F154DC0CA86BDAC1D6C5F0B7F0C6DC06A94708B218C008711860DC0CA95BDC060E
S32500C195A0A967E117DAC172B3F070F06A06F70D00186006F0100018A0DC06A947F153DAC171
S32500C195C0EEE9F154DC08A949DC06A967DAC18CE3DC0AA990C09BE0AC1BBCE6FD6CA0F2FB1D
S32500C195E00CFEF2FC0EFEE6FE000000CD10BEE1C9DC0BB93CD4CF0000D4BF0200DC0BB99C27
S32500C196000D07E6FB22000D02E6FB2000C4BF0400D42F040008F698AF989F988F987F986F0D
S32500C19620981F980FDB00880F881F886F887F888F889F88AF26FF0C00F082F093E48F0800D8
S32500C19640E00BC4BF0A00F0B9488138B08D0EF0B946F8404236FB0F00ED08F49F08004991C3
S32500C196608D0447F91000EAF07696E6FB1F00C4BF0A00EA006498E109D740020043F9072F74
S32500C19680EA306498DAC1CCE3E03BD7408100F6FB0C0ACC00CC00E01BD7408100F6FB100AB3
S32500C196A0F028F039DAC1C4DEE004E6F50045DAC136CDE6F48096E6F5984CDAC1B6C6C42F0A
S32500C196C00200C43F0000E6F700C0E6F97F44E00BC4BF0400C4BF0600E018F028DAC126EAC9
S32500C196E0D44F0200D45F0000DAC1B6C6DAC1C8E4F0A2F0BA28B146FB0004EA904297F02828
S32500C19700DAC126EAF0B2F0C3F02ADAC126EAF042F053F02BF03CDAC1B6C6D44F0200D45F92
S32500C197200000DAC164E9F0B2F02BF047F059DAC1B6E1F1443D06F07BF093C48F0600C4AFD9
S32500C19740040086F8FF038DC9D4BF040048B0FD11D7408100F68E1C0A28B1EFFBD74081002E
S32500C19760F6FB1E0AD4BF0600FFFBD7408100F6FB040AE7F46100E1B5DAC156ECE7F46200F3
S32500C19780E1B5DAC156ECE7F46000E105DAC156ECE6FB1400D7408100F6FB200AE6FB030104
S32500C197A0D7408100F6FB300AF49F0800C09B28B15C8B76FB3F00D7408100F6FB320AE6FB13
S32500C197C00105D7408100F6FB3C0AE6FB470FD7408100F6FB400AD7408100F68E100BE6FBCB
S32500C197E00005D7408100F6FB120BE6FC2000D7408100F6FC140BD7408100F6FB160BE6FBC1
S32500C1980000C0D7408100F6FB1C0BD7408100F68E140AD7408100F68E160AD7400903C2FBBB
S32500C1982026025C2BD7400903C2FC270270BC6FFBF6FB32F1D7400903C2FB28025CCB76FB5C
S32500C198400005D7400903C2FC29025C1C06FCC0FEE00DDC0DB8BCDAC1AEDDE119D740020075
S32500C19860F7F9072FD42F0A0006FF0C0098AF989F988F987F986F981F980FDB00F00EF0E50E
S32500C19880F050F00DF0D4F040F00CF0C3F030F00BF0B2F020886FDAC126E17AFAFA10486095
S32500C198A0EA21929A46F6FF07EA207E9A4810EA21BC9A46F1FF07EA20A89A201606F10004D3
S32500C198C0F06DEA21669A882F883F884F885F5CBEF00D7C5070E05CBDF00C7C5070D05CBCB1
S32500C198E0F00B7C5070C05CBBE6060040E60700007BEEF2F00CFEF2F50EFEF6F00CFEE60755
S32500C1990000007BEEF2F40EFEF03DF02C7C124AF3F20F7C13F6F30CFEF6F20EFE7BEEF2F34C
S32500C199200EFE1B53F2F30CFEF2F20EFE5C1338504AF2F3F020433850004410559D03F2F4D7
S32500C199401EFFF0541B5BF2F30CFEF2F20EFE1B4CF2FB0CFE02F20EFE103BE00B18B01B5CB7
S32500C19960F2FC0CFE02F30EFE10BCE00C18C01B4DF2F00CFE02F30EFE10B018C01B5DF2FD43
S32500C199800CFE02FB0EFE10CDE00D18D01B4EF2F00CFE02FB0EFE10C018D01B5EF2F20CFEBE
S32500C199A002FC0EFE102DF0ECF0DBF0C391C091D091E091201B5CF2FB0CFE42FB0EFE1B4D4C
S32500C199C002FB0CFEF2F30EFEE00C18C01B5DF2FD0CFE02FB0EFE10CDE00D18D01B4EF2F38A
S32500C199E00CFE02FB0EFE10C318D01B5EF2F30CFE02FC0EFE10D3E00E18E01B42F2F30CFE4B
S32500C19A0002FC0EFE10D318E01B5202FE0CFE02FD0EFE18E08AFE05F0281100BB10CC10DDE6
S32500C19A2010EE985F984F983F982F3D1B702370243D1746F510003D15F00B5C50F02C5C5204
S32500C19A407CBB702BF03D5C537CBC703CF04E5C547CBD704DF05E7CB52811986FFAC106E564
S32500C19A60E002FAC1C0B0706C706BEA30C69846FE1000EA30C6982811986FFAC11AE548E0F5
S32500C19A803D1546F1FF072D1248102D18986FFAC154E946F1FF072D0D48102D03986FFAC1D4
S32500C19AA032E9986FFAC144E948502D05986FFAC144E948503DFB986FFAC134E9986FFAC1AB
S32500C19AC032E5EC06EC07ECEFEC2EEC2FECF0ECF2ECF3ECF4ECF5ECF6ECF7ECF8ECF9ECFAE5
S32500C19AE0ECFBECFCECFDECFEE6FB07FFD7400300F6FBA220E109D740020043F98523EA3048
S32500C19B00D29CE6F896A3E6F90000E6FA32A3E6F60000E6FB9FA3E6FC0000DC0CA99BD74041
S32500C19B20020043F99E23EA903A9CC09BE00CF0D8F0E900DB10ECD7400200F3F4A423DC0E9F
S32500C19B40A99DC09BA3BC6200C3772000C3000800E6FB86A3E6FC0000F0D7F0E000DB10EC5D
S32500C19B60D7400200F2F4A223DC0EA83DDAC1ECEBF0BAF0C600B710C0E6FD0000DC0CA8BB04
S32500C19B80D7400300F6FBE820D7400200C2FB9F2328B1F0CBBCFC008B109CE00CDC09A998BE
S32500C19BA0C09BA3BC2200A3008203C3EE2000C3550800E6FB30A300EB105D06FE120018505F
S32500C19BC0C09B00BB10CC00AB106CE044E013C08B4C3BF02AF0C3DC0668CA40C33D20C08B30
S32500C19BE028B4E00C00BB10CCF0DEF02500DB102CD7400300F2FB802060B340B33D0CD74038
S32500C19C000200258F8423C08B5C1B06FB40E0E00CDC0CA8BB0D02E6FBFFFFDC02B8BD8074D1
S32500C19C208DD5D7400200258F9F236FB8E6FB0002D740030074FBEC200D4FC09B28B1F0CB82
S32500C19C40BCFC008B109CE00CDC09A998C09BA3BC2200A3008203C3EE2000C3550800E6FB66
S32500C19C6030A3E6FD000000EB105D06FE12001850C09B00BB10CC00AB106CE044E013C08B16
S32500C19C804C3BF02AF0C3DC0668CA40C33D20C08B28B4E00C00BB10CCF0DEF02500DB102C91
S32500C19CA0D7400300F2FB802060B340B33D0CD7400200258F8423C08B5C1B06FB40E0E00CA4
S32500C19CC0DC0CA8BB0D02E6FBFFFFDC02B8BD80748DD56EB8F2FB70FFFCFEFCFDFCFCFCFB77
S32500C19CE0FCFAFCF9FCF8FCF7FCF6FCF5FCF4FCF3FCF2FCF0FC2FFC2EFCEFFC07FC06FB8867
S32500C19D00EC06EC07ECEFEC2EEC2FECF0ECF2ECF3ECF4ECF5ECF6ECF7ECF8ECF9ECFAECFBD2
S32500C19D20ECFCECFDECFEE6FB07FFD7400300F6FBA221E119D740020043F98523EA30109F2C
S32500C19D40E6F896A3E6F90000E6FA32A3E6F60000E6FB9FA3E6FC0000DC0CA99BD74002006B
S32500C19D6043F99E23EA90789EC09BE00CF0D8F0E900DB10ECD7400200F3F4A423DC0EA99DD9
S32500C19D80C09BA3BC6200C3772000C3000800E6FB86A3E6FC0000F0D7F0E000DB10ECD7404A
S32500C19DA00200F2F4A223DC0EA83DDAC1ECEBF0BAF0C600B710C0E6FD0000DC0CA8BBD740C2
S32500C19DC00300F6FBE821D7400200C2FB9F2328B1F0CBBCFC008B109CE00CDC09A998C09B37
S32500C19DE0A3BC2200A3008203C3EE2000C3550800E6FB30A300EB105D06FE12001850C09B1D
S32500C19E0000BB10CC00AB106CE044E013C08B4C3BF02AF0C3DC0668CA40C33D20C08B28B46C
S32500C19E20E00C00BB10CCF0DEF02500DB102CD7400300F2FB802160B340B33D0CD7400200CE
S32500C19E40258F8423C08B5C1B06FB40E1E00CDC0CA8BB0D02E6FBFFFFDC02B8BD80748DD52E
S32500C19E60D7400200258F9F236FBCE6FB0002D740030074FBEC210D4FC09B28B1F0CBBCFCE5
S32500C19E80008B109CE00CDC09A998C09BA3BC2200A3008203C3EE2000C3550800E6FB30A309
S32500C19EA0E6FD000000EB105D06FE12001850C09B00BB10CC00AB106CE044E013C08B4C3B20
S32500C19EC0F02AF0C3DC0668CA40C33D20C08B28B4E00C00BB10CCF0DEF02500DB102CD740BF
S32500C19EE00300F2FB802160B340B33D0CD7400200258F8423C08B5C1B06FB40E1E00CDC0C8F
S32500C19F00A8BB0D02E6FBFFFFDC02B8BD80748DD56EBCF2FB78FFFCFEFCFDFCFCFCFBFCFA1A
S32500C19F20FCF9FCF8FCF7FCF6FCF5FCF4FCF3FCF2FCF0FC2FFC2EFCEFFC07FC06FB88886F23
S32500C19F40888FF1C4F1D5E008E109D740020043F9B426EA305E9FE6F82100EA0070A147FC53
S32500C19F603500EA30A89FC0DB48B1EAE042A15C1BD700C100D4BBA6EF9C0BE105D74002006A
S32500C19F8043F5F62EEA30949FE7F49500DAC194E9EA0046A1E028EA0046A1E7F49500E115B9
S32500C19FA0DAC194E9EA0046A147FC4600EA3016A049D1EA30E89FE109D740020043F9092F66
S32500C19FC03D13D740020043F9F62EEA30E49FDAC1CCE30FAFDAC1AEDDE119D7400200F7F923
S32500C19FE0092F0D14E0280D1249D03D10E119D740020043F9092FEA300CA0DAC1CCE30EAF60
S32500C1A000DAC1AEDDD7400200F78E092F49D2EA9142A1EA0046A147FC2400EA3050A0C0DB27
S32500C1A02048B1EAE042A15C1BD700C100D4BBAAEF9C0BE6FB0038D740020074FB0620EA0024
S32500C1A04046A1E6FBFFC7D740020064FB06200D7B47FC2500EA3086A0C0DB48B1ED725C1B73
S32500C1A060D700C100D4BBAEEF9C0BE6FB0007D740020074FB06200D67E6FBFFF8D7400200B3
S32500C1A08064FB06200D6047FC3400EA30BCA0C0DB48B1ED575C1BD700C100D4BBB2EF9C0B5C
S32500C1A0A0E6FB8000D740020074FB06200D4CE6FB7FFFD740020064FB06200D4547FC3300AC
S32500C1A0C03D40C0DB28B248B2ED3C5C1BD700C100D4BB9CEF9C0BE7F48000E115DAC194E96B
S32500C1A0E0E7F48000E185DAC156ECE124E105DAC156ECD7400200F78E0A2F0D25E7F48000CF
S32500C1A100E105DAC156ECE124E185DAC156ECE119D7400200F7F90A2F0D16E7F48000E105CD
S32500C1A120DAC194E9E7F48000E185DAC156ECE124E105DAC156ECE129D7400200F7F90A2F8E
S32500C1A1400D02E6F81F0048803D1347FC33002D1047FC35002D0D47FC4600EA2070A1E11911
S32500C1A160D7400200F7F93F20D7400200F7F93E20F028988F986FDB00880F881F886F887FEC
S32500C1A180888FF082889FF093F0B8F0C906FB0C0018C088AFDC0CA82B08B218C026FF1200C4
S32500C1A1A0DC0CA83BF0B8DAC1DAB8C42F0600C43F0C00F0C9DC0CA82B08B218C0D44F060001
S32500C1A1C0DC0CA83BD45F0C00DAC136CDF068F00906F61C001800C42F1000C43F0E00F0B8D3
S32500C1A1E0F0C906FB180018C0C4BF0200C4CF0000F0A8F07906FA10001870F0B8F0C906FBDB
S32500C1A200140018C0C4BF0400C4CF0A00DC00A996EA201EA3D4BF0200D4CF0000DC0CA82B8E
S32500C1A22008B218C0DC0CA83BDAC18CEBF0CAC42F0800F0B7DC0BA8DC08C218B0F003F0307C
S32500C1A240DAC1C4DEF042F053D42F0600D43F0C00DAC136CDF053DC0BA83CF0BAF042F02DB8
S32500C1A260DAC1DEB8F0C7DC0CB82B08B218C0DC0CB83BF0B8F0C908B418C0DC07A84ADC0C45
S32500C1A280A82B08B218C008A21870DC0CA83BD4BF0400DC07A85ADAC136CDD4DF0A00DC0DD5
S32500C1A2A0A84B08B218D006F808001890F0A2F073D42F0600D43F0C00DC0DA85BDAC1DAB85E
S32500C1A2C0F0B2F0D3D42F0800F030DAC1C4DEF042F02BDC09A8C808821890D4BF0400F0533C
S32500C1A2E0F03DDAC1B6C6F042F02CD4CF0A00D4DF0600F053DC09A838DC0CB8DB08B218C08A
S32500C1A300DAC136CDF082F093D4DF0C00DC0CB8DBD42F0200D43F0000DAC14CE40D2FD42F87
S32500C1A3200200D43F0000DAC14CE4F0BAE119DC00B996F0C7DC0CA82B08B218C0D44F06007A
S32500C1A340DC0CA83BD45F0C00DAC1DEB8DC07B82A08A21870DC07B83AD4BF0400D4CF0A00EB
S32500C1A360D4DF0600DC0CB8DB08B218C0D4DF0C00DC0CB8DBE00AF07AF08AF09AD42F1000AB
S32500C1A380D43F0E00F04AF057DAC1DEB8F048F059DAC1DEB806FF120098AF989F988F987F9E
S32500C1A3A0986F981F980FDB00880F881F886F887F888F889F88AF28F6F013F084C42F040059
S32500C1A3C0F095F07BF00CE109D740810343F9FD00EA30F6A3E6F20040E6F3E000DAC10AECF7
S32500C1A3E0E6F21840E6F3E000DAC10AECE119D7408103F7F9FD00E109DC09B998D7408103DF
S32500C1A40043F9FD00EA203EA4E184F04F66F4FF3F76F400C0E6F50000E02B00BF66FBFF3FA6
S32500C1A42076FB00C0F0C5DAC19E5FD42F0000E6F40040E6F5E000DAC120C1F0A20D01E00AF9
S32500C1A440E109D740810343F9FD00EA2084A4E194F04F66F4FF3F76F400C0E6F50000E02BE9
S32500C1A46000BF66FBFF3F76FB00C0F0C5DAC19E5FD42F0000E6F41840E6F5E000DAC120C1CD
S32500C1A480F0B20D01E00BF0CA26FC1503E00446FC150FED01E014F0CB26FC9A01E00546FC9B
S32500C1A4A0100FED01E01549802D5E49A02D5C46FA0F04EA90BAA4E10D0D1646FA3011EAF076
S32500C1A4C0C8A4E7FDFF000D0F26FA0F04E6FCFF001BACE6F4210DF2F30CFEF2F20EFEE005A3
S32500C1A4E0DAC1E8D6F1D446FB9402EA90F2A4E1040D1546FBB00FEAF000A5E7F4FF000D0E15
S32500C1A50026FB9402E6FCFF001BBCE6F41C0DF2F30CFEF2F20EFEE005DAC1E8D6C0DBC04C3E
S32500C1A52020BC7D0181B046FB6400EAC046A5DC00A95747F51400EAF094A5DC09A998AFF487
S32500C1A540DC09B9980D2AC0D4C04B004BBC144982EAE056A5E108D4BF0400E109DC01B98BF2
S32500C1A560DC00B9970D1FDC00A95747F51400EAF094A54980EA3082A5DC09A9988FF4DC09E5
S32500C1A580B99849A0EA309AA5DC09A9989FF4DC09B9980D030951DC00B957D4BF0400E1099B
S32500C1A5A0DC01B99B08F698AF989F988F987F986F981F980FDB0028F2C04B26FB3800B3FF79
S32500C1A5C00003B3FF2003B3FF0801880F881F886F887F888F889F88AF26FF0C00E103F1B3B7
S32500C1A5E0E44F0A0048B1ED0A5C1BD700C100D4BBB6EF9C0BE1980D03E1880D01E108E109AA
S32500C1A600E49F0000F49F0A00C09BE06C1BBCE6FC46A5F2FB0CFEC4BF0800F2FB0EFEE6FDAA
S32500C1A6200000D4EF080000BC10EDC4BF0600C4EF0800C0835C93C43F0200F083BCF8C48FDA
S32500C1A640040006F3184116F82000F0B37CEB5C28708B66F3FF3FDC48A8B366FB0030EA3065
S32500C1A6608EA7E009E115F44F0A00DAC1BCD3F1443D03E6F947000D72D4DF0600D46F08006A
S32500C1A68008D21860F0BDF0C6DC0CA8EB08B218C0E6FA0A02DC0CA8BBDC0BA99EC09B1BBA9C
S32500C1A6A0E6F2D8A8F2F50CFEF2F70EFEE6FE00000072105EF0B7F0C506FB030118C0DC0CB0
S32500C1A6C0A99BC09BE00C00BB10CC007B105CF0BDF0C6DC0CA84B08B218C0DC05A937DC0C31
S32500C1A6E0A8BBDC0BA994C09BA3BA0000C3002000C3440800F070F0540002104E06F0030164
S32500C1A7001840E6FCD9A8E6FB0000DC04A990007C105BC09BE00C00BB10CC007B105CDC062F
S32500C1A720A8BD08D21860DC05A9B7DC06A8CDDC0CA99BC09B1BBAF2FB0CFEF2FC0EFE00C2F4
S32500C1A74010BE06FC030118B0DC0BA99C47F980009D0209910D01E109DC0BB99CF0993D1760
S32500C1A760C0BB5C2BE00CD4DF0200D4EF040000BD10CE06FB804116FC2000F0DB7CED5C2C5D
S32500C1A78070CD66FBFF3FC03DDC4CB8DB0D03E119E49F0000F49F0000EA2056A606FF0C0027
S32500C1A7A098AF989F988F987F986F981F980F940F5EFE08F2940F5CFE08F2940FDEFF08F247
S32500C1A7C0DB00886F887F888F889F88AF28F4F0D4E008F19427F926004997FD0B47F434007A
S32500C1A7E02D084947FD06F19427F920004993EAE180A9F0B570BDEA3002A8E6F81E00EA00B9
S32500C1A80084A9C04BE06C1BBCE6FE46A5F2FB0CFEF2FC0EFEE6F4000000CE10B4DC0BA99CBE
S32500C1A820C09E26FE0A0048E2EAE07AA95C1ED700C100D4EE96EF9C0E08C218B0F04DDC0BF5
S32500C1A840A8EC08C218B0DC0BA8BCDC0BA94EDAC1C2E9EA0084A908C218B0F04DDC0BA8EC3B
S32500C1A86008C218B0DC0BA8BC08E418B0DC0BA8CE08E218B0DC0BA8BEDC0BA94CDAC1C2E902
S32500C1A880EA0084A908C218B0F04DDC0BA89C08C218B0DC0BA8ACF0B9F0CA06FB100018C0C7
S32500C1A8A0DC0CA9DBF0B9F0CA06FB0F0018C0DC0CA94BDAC1C2E9C0DBE0AC1BBCE6FB6CA00D
S32500C1A8C0F2F70CFEF2F60EFEE6FC0000006B107CDC07A9964994EA3084A9F0B9F0CADC0C60
S32500C1A8E0A8DB08B218C0E024DC0CA8BBF0CDF0EB08D118B008C218E0DC0BA95DDC0EA94C66
S32500C1A900004F66F4FF3F76F400C0E6F50000F0BF66FBFF3F76FB00C0F0C5DAC1F6CDF49F5F
S32500C1A92000004991EA3076A928F2E139F0B9B99F28F2E149F0CAB99F28F2E11906FB0D0090
S32500C1A94018C0B99F28F2DC0CA99B06F90C0018A0B99F28F2DC0AA999E6F3F603B99FD42F30
S32500C1A9600C00F046F05708421850DAC120C006FF0A00F0820D07E0380D05E6F821000D028D
S32500C1A980E6F82200F02808F498AF989F988F987F986FDB00886F887F888F889F88AFE004E7
S32500C1A9A047F48000EA80B0A9E6F41F00EA004CABC04BE00C00BB10CC00BB10CCE6FDD8A6F2
S32500C1A9C0E6FE000000BD10CEF0EBF02C08E21820DC02A8DE7C5D68D3EA30E4A9E6F42100FE
S32500C1A9E0EA004CABDC0CA9BBD7400200F2F3022048D1EA3062AAC0BB5C5BE00C06FB1C10B9
S32500C1AA0016FC2000F0DB66FBFF3F7CED5C2C70CDDC4CA8DB5FFDDC4CB8DBD7408000F68EC8
S32500C1AA20C601C0BBD740800074FBC601E02BD7408000F6FBC401D7408000F2FBC4018AFB1A
S32500C1AA40FA80D7408000F2FBC601DC02A8BE66FB9FFFDC02B8BED7400200048F00202831AE
S32500C1AA600D7148D2EA3044ABC0B85C58E00906F8041016F92000F0B866F8FF3F7CEB5C29E8
S32500C1AA80709BDC49A868DC49A8587C8641CA2D50C0CA5C5AE007F0BAF0C706FB1E1016FC37
S32500C1AAA02000F0DB66FBFF3F7CED5C2C70CDF1BCDC4CA86BF0BAF0C706FB1C1016FC20006F
S32500C1AAC0F0DB66FBFF3F7CED5C2C70CDDC4CA8DB5FFD06FA001016F72000DC4CB8DBF0BA6E
S32500C1AAE066FAFF3F7CEB5C27707BDC47A8BA66FBF0FFDC47B8BAD7408000F68EC601C0BB55
S32500C1AB00D740800074FBC601E02BD7408000F6FBC401D7408000F2FBC4018AFBFA80D740EA
S32500C1AB208000F2FBC6012831DC49A87841BE3DB0DC02A8BE66FB9FFFDC02B8BED7400200E0
S32500C1AB40048F0020D7400200F6F30220F02498AF989F988F987F986FDB00F184C08BE6FC03
S32500C1AB601C001BBC886F887F888F889FF2F30CFEF2F50EFEE6FBC0A2E6FC0000005B103C31
S32500C1AB80F195F0B5F0C308B318C0C09DE00E00BD10CEDC0CA95BC05B48B1EAE0AAAC5C1B00
S32500C1ABA0D700C100D4BBBEEF9C0BC09CE00DF085F093008C109DC09E5C1EE03B4CBEDC09F7
S32500C1ABC0A95849518D09C0825C7206F250EAF0CBDC0D68CA40CB2D28F0D5F02308D6182017
S32500C1ABE0C09BE00C00BB10CC00DB102CC08B5C7B00EB06FE18EA0D40C09CE00DF085F093F8
S32500C1AC00008C109DC09E5C1EE03B4CBEDC09A95849518D23C0825C7206F250EAF0CBDC0D21
S32500C1AC2068CA40CBEA305AACC08B5C7B06FB46EAE0FCC09D5C2D4CCD91C0C08D5C3DC09E2D
S32500C1AC405C1E00DE06FD60F1A87D66F73FFFD130A86B606CB87DB86B0D22F0D5F02308D6A4
S32500C1AC601820C09BE00C00BB10CC00DB102CC08B5C7B00EB06FE20EAE00BDC0BA8BEDC02AF
S32500C1AC80B8BDF02506F20C001830C09BE00C00BB10CC00BB10CC002B103CDAC14CE4DC097B
S32500C1ACA0A9980991DC09B9980D2FC09BE00CF0D5F0E300DB10ECDC0EA95D0951DC0EB95D80
S32500C1ACC0DC0EA95D4951FD12E6FB60F1E00DC09EC0845C2400E400EE10CC00BE10DCDC0D92
S32500C1ACE0A8CB66FC3FFFDC0DB8CB0D0EF02506F20C001830C09BE00C00BB10CC00BB10CC1D
S32500C1AD00002B103CDAC14CE4989F988F987F986FDB00886FE00547F48000EA91B8AEC04B50
S32500C1AD20F0C500BB10CC00BB10CCE6FDD8A6E6FE000000BD10CEF0DBF0EC08D218E0DC0E26
S32500C1AD40A83DF0D37C5D68D3EA3054ADE6F52100EA00BCAE48D2EA30B8AEDC0CA99BF0DB74
S32500C1AD60F0EC08B118C008D318E0DC0CA94BDC0EA98DC09B5C5BE00C06FB061016FC200089
S32500C1AD808AF36D30F0DB66FBFF3FE6F52D007CED5C2C70CDDC4CA9DBD7400200F3F5F82E5F
S32500C1ADA0415D3D18C0DB5C5BE00C06FB1C1016FC2000F0DB66FBFF3F7CED5C2C70CDDC4C7C
S32500C1ADC0A8BB8AFB0730E105D740020043F5F92EEA3042AED7400200F7FDF82EE105C08BC1
S32500C1ADE05C5BE00C06FB1C1016FC2000F0DB66FBFF3F7CED5C2C70CDDC4CA8DB9AFD04406C
S32500C1AE00E6F52800E1150D19DC4CA8BB9AFB0130E0054184EA301CAEF1890D0FC08B5C5BD5
S32500C1AE20E00C06FB1F1016FC2000F0DB66FBFF3F7CED5C2C70CDDC4CA98B418D2D02495073
S32500C1AE402DCE46F52D003D06E119D7400200F7F9F92E0D1FD7400200F78EF92E0D1AF0DB78
S32500C1AE6066FBFF3F7CED5C2C70CDDC4CA84BC08B5C5BE00C06FB1C1016FC2000F0DB66FBAA
S32500C1AE80FF3F7CED5C2C70CDDC4CA8BB9AFB0180E02568375C83E00B06F3000216FB200044
S32500C1AEA0F0C366F3FF3F7CEC5C2B70BCDC4BA8C30EFCDC4BB8C30D02E6F52900F025986FF9
S32500C1AEC0DB0028F2B3FF0003B3FF2003B3FF0801886F887F888FE008889F88AFD7400200FD
S32500C1AEE0F3FBC7202D0349B1EA3054AFD7400903C2FB2D02F02B5C1206F2C0FEE00CDC0C4D
S32500C1AF00A84249803D255C2B06FB42ECE6FD96A0DC0CB8DBDC0CA8B266FB00FFDC0CB8B217
S32500C1AF20D7400200C2FBB620DC0C78BADC0CB8B2F1BB3D026FB80D016FBCC0BB5C8B06FB84
S32500C1AF40ECE0E00CDC0CA8DB9FFDDC0CB8DB0D02E6F85A00E6F985A3E6FA0000DC0AA9999A
S32500C1AF602D034991EA304EB0E6FB84A3E6FC0000DC0CA99BD740020043F982233D66E6FB54
S32500C1AF809FA3E6FC0000D7400200F78E9F23D7400200F3F99623E118DC0CB98BC09BE00C3C
S32500C1AFA0A3BC6200C3662000C3770800E6FB86A3E6FC0000F0D6F0E700DB10ECD740020005
S32500C1AFC0F3F4A423D7400200F2F4A223DC0EA83DDAC1ECEBD7400200C2FB8523E6FD32A3C1
S32500C1AFE0E6FE00005C8B006D107E06FBE8E0E00CDC07A8D6DC0CB8DBD7400200F78E8423EE
S32500C1B000E6FB42A3E6FC0000E005F0DBF0EC06FB080018C0E004E002DC0EB82D08D218E0ED
S32500C1B02080348DF980758DF1DC0AA9993D026FB80D016FBCC09B5C8B06FBECE0E00CDC0CF2
S32500C1B040A8DB9FFDDC0CB8DB0D02E6F85A00F02898AF989F988F987F986F940F5EFE08F274
S32500C1B060940F5CFE08F2940FDEFF08F2DB00886FDAC126E17AFAFA104860EA21BAB146F64C
S32500C1B080FF07EA2096B14810EA21C0B146F1FF07EA20B0B1001626F1FE03F06DEA21E6B1E9
S32500C1B0A0F064EA21C6B15CBEF00D7C5070E05CBDF00C7C5070D05CBCF00B7C5070C05CBB79
S32500C1B0C0881F1B2DF2F00CFEF2F10EFEE0061B3C02F00CFE186002F10EFE180018601B4B39
S32500C1B0E002F00CFE186002F10EFE180018601B2EF2F20CFE02F00EFE1026E00618601B3D65
S32500C1B100F2F10CFE02F00EFE102118601B4CF2F10CFE02F00EFE102118601B5BF2F10CFE76
S32500C1B12002F00EFE102118601B3EF2F30CFE02F20EFE1036E00618601B4DF2F10CFE02F26C
S32500C1B1400EFE103118601B5CF2F10CFE02F20EFE103118601B4EF2F40CFE02F30EFE104696
S32500C1B160E00618601B5DF2F10CFE02F30EFE104118601B5EF2F50CFE02F40EFE1056981FF2
S32500C1B1808AF50640281100001022103310441055986FFAC106E548E03D0D46F1FF072D0330
S32500C1B1A048102D080D0248503D05986FFAC134E948502DFB986FFAC144E946F1FF072DFA60
S32500C1B1C0986FFAC132E570637062EA30A6B046F51000EA30A6B0F05EF04DF03CF02B2811F4
S32500C1B1E0986FFAC11AE5706C706BEA30A0B046FE1000EA30A0B02811986FFAC11AE53AF5BF
S32500C1B200F5FF0D023AFEFEFF886FDAC126E146F6FF07EA2032B346F1FF07EA2050B3486073
S32500C1B220EA2166B34810EA215AB340169D12505E50E5505E504D50D4504D503C50C3503C94
S32500C1B240502B50B2502B5016506150164AFAFA027C1AE00020612D2A816046F63500EAE008
S32500C1B26066B326F61000CD06F00BF0BCF0CDF0DEE00E0DF706F610002D1988AF885FF05B10
S32500C1B2806C0681604C567005F05C4C5681606CB670B5F05D6CC681604C5670C5F05E4C5640
S32500C1B2A081606CD670D56CE6985F98AF2AFAFA016D18002B103C104D105E8AF50350986F10
S32500C1B2C0FAC106E57C104AF2F00F7C124AF3F20F7C134AF4F30F7C144AF5F40F7C15081123
S32500C1B2E00DEE8100302B303C304D305E2D3FED0B91A09100912091309140915008011820AE
S32500C1B300183018401850F0E570E42D0C9AF50340986FFAC106E5281100001022103310447B
S32500C1B32010550DF1F043F032F020E00026F110000DEA48E03D0F46F1FF072D047C1A986F01
S32500C1B340FAC134E948503D062AFAFA107DF80D0248502DF5986FFAC144E9F0167C1AF05E2E
S32500C1B360F04DF03CF02B986FFAC124E5986FFAC132E528F2F1A5E00DB3FF0003B3FF2003B7
S32500C1B380B3FF0801886F887F888F889F88AFF1E7E10BE01BC06C4CBCF1F43D0374FB8AFEA9
S32500C1B3A00D0274FB9EFEC0ABE00CA3BC6200C3CC2000C3EE0800E6FB32A3E6F40000F02C80
S32500C1B3C0F08E002B1084E01BC0644CB4DC0878BADC08B8B2F14AE6F8A4A3E6FB0000D7408E
S32500C1B3E00200F3F9A023E006DC0BA98867F80F00088118B049913D03F174B1700D01F17405
S32500C1B4006971C079C08A4C9A70D9C0427C1280268DEBE6FB86A3E6F4000000CB10E4E6FBA7
S32500C1B4209EA3DC0EB8DCE6FC0000DC0CA99BE6F296A3E6FB0000F1892D09DC0B49AAEA30E2
S32500C1B44044B4E11B082118B029813DF749B0EA306EB4C09BE00CE6FD96A3E6FE000000DB0B
S32500C1B46010ECDC0EB9ADD7400200258F9E23F19629944993ED0FE6FB82A3E6FC0000D74010
S32500C1B4800200258F8223DC0CA99BD7400200F7F984230D04D7400200258F8323C06B5C1B88
S32500C1B4A0C0FC5C8C00BCF0CB06FC20E0E00DC06E5CCE2FFEC0E45CA470E4DC0DB8EC06FBB0
S32500C1B4C0B0E0DC0DB8DB98AF989F988F987F986F940F5EFE08F2940F5CFE08F2940FDEFF66
S32500C1B4E008F2DB00888F28F4E109D740020043F9FA2EEA2132B6D740810343F9FA00EA3038
S32500C1B50018B5DAC1C86EDAC1C86E48203DFCE119D7408103F7F9FA00DAC11A84F082DAC18F
S32500C1B520C86EE7F43500E024004F66F4FF3F76F400C0E6F50000F0BF66FBFF3F76FB00C08F
S32500C1B540F0C5DAC19E5FF49F000049913D74D4BF020046FB88139D36D7400200F78EFC2EAD
S32500C1B560E119D740020043F9FB2E3D20D740020043F9FD2EEA2036B6D7000000F2F208A056
S32500C1B580D7000000F2F30AA0DAC18CEB46F2404236F30F00EAF036B6E144E105DAC156ECCC
S32500C1B5A0E119D7400200F7F9FD2E0D45E6F208A0E6F30000DAC14CE4E119D7400200F7F91D
S32500C1B5C0FB2E0D39D7400200F78EFB2EE109D740020043F9FC2EEA30F2B5E6F20CA0E6F3E7
S32500C1B5E00000DAC14CE4E119D7400200F7F9FC2E0D22E129D740020043F9FD2EEA2036B6DD
S32500C1B600D7000000F2F20CA0D7000000F2F30EA0DAC18CEB46F2A0863831EAF036B6E144CE
S32500C1B620E185DAC156ECE129D7400200F7F9FD2E0D02E6F82100F02808F4988FDB00880F07
S32500C1B640881F886F887F888F889F88AFE00B88BFF13427F318004937FD08F19427F92E0028
S32500C1B6604993FD034947EAE176B7C04BE06C1BBCE6FB46A5F2F00CFEF2F80EFEE6FC0000E1
S32500C1B680008B100CDC00A9983D73F0B8F0C008B218C0DC0CA8AB08B218C0DC0CA89B4947FD
S32500C1B6A0ED21F0BAF0C9DC0CA86B08B218C0E185DC0CA87BF0B908A418B0DC07A946DC0B7E
S32500C1B6C0A89A08A218B0DC0BA8AADAC156ECDC07A946E105DAC194E9DC0AA949E105DAC1B0
S32500C1B6E056EC0D42F0BAF0C908B418C0E114DC0CA87B08B218C0D700C200F2F43A43D70096
S32500C1B700C200F2F53C43E106E7F7FE00F154DC0CA86BDAC1D6C5DC09A8BA08A21890DC0983
S32500C1B720A8CA4937ED0EF0DBF0ECDC0CA94B08D218E008B118C0DC0EA95DDC0CA96BE1178B
S32500C1B7400D08DC0CA94B08B118C0E105DC0CA96BF175DAC172B3DC06A94708711860E105EF
S32500C1B760DC06A967DAC18CE3E1D9DC00B9980D07E6FB20000D02E6FB2200C4BF0000982FAE
S32500C1B78098AF989F988F987F986F981F980FDB00888F889F88AFE009E109D740020043F949
S32500C1B7A0042FEA30D0B8E6FB18A0E6FC0000D7000000F6FB2EA0D7000000F6FC30A0D7006C
S32500C1B7C00000F68E34A0D7000000F68E36A0D7400200F78E3820E6F833A0E6FA0000D7407B
S32500C1B7E00200F78E3320E7F41400E185DAC156ECE7F41400E105DAC194E9E188E6F22EA07A
S32500C1B800E6F30000E6FB6ED1E6FCC100DAC102D2F092E115D7400200F7F5042FE7F4940037
S32500C1B820DAC194E9E7F49400E185DAC156ECE7F95500D7400200F7F91820E118DC0AB988E1
S32500C1B840E6FB32A0E6FC0000E15BDC0CB9BBD7400200F78E1B20DC0AB988DC0CB9BBD74081
S32500C1B8600200F7F91A20DC0AB988DC0CB9BBD7400200F78E1D20DC0AB988DC0CB9BBE1F91A
S32500C1B880D7400200F7F91C20DC0AB988DC0CB9BBD7400200F7F91F20DC0AB988DC0CB9BB4E
S32500C1B8A0D7400200F78E1E20DC0AB988DC0CB9BBD7400200F78E2120DC0AB988DC0CB9BB00
S32500C1B8C0D7400200F78E2020DC0AB988DC0CB9BBF02998AF989F988FDB003AF5F5FFDAC1E9
S32500C1B8E0CCEB43FA1EFF2D6E43F21EFF2D7B4850EA21F6B948102D7B40159D0C503E50E3CA
S32500C1B900503E5024504250245015505150154AF6F6027C16E10D20512D2D815046F5180046
S32500C1B920ED6A9AF5174026F510002D0926F508002D0C7C845C8E704E6CE581504C4566F491
S32500C1B94000FF7064F04EE00E0D155C8E706EE00EE0040D10F17CF06481504C65F1C7C0632A
S32500C1B9605C8E703E7C8E4CE581506C45704EC07E6CE5C0632AF6F6016D110024103E8AF3B7
S32500C1B9800280FAC142EA4AF6F6017C164AF2F60F7C124AF3F20F7C1308110DF3A1D0302434
S32500C1B9A0303E2D2B9D0691609120913009D1182018309AF30270FAC142EA01DD1022103361
S32500C1B9C028110DF746FE80003D1043F21EFF2D037C16FAC16CEB46F380003D072AF6F61009
S32500C1B9E07DF80D0346F380002DF4FAC178EBF0157C16F03EF024FAC158EADB004961EA308E
S32500C1BA0016BAC04B5C7B06FB58EAE00CDC0CA8DB8EFDDC0CB8DBC04B48B3ED795C1BD70053
S32500C1BA20C100D4BB5AEF9C0BC05B48B3ED705C1BD700C100D4BB62EF9C0BD1806EB0F2FB9A
S32500C1BA4060F1DB00D1806EB1F2FB62F1DB00D1806EB2F2FB64F1DB00D1806EB3F2FB66F124
S32500C1BA60DB00C05B48B3ED535C1BD700C100D4BB6AEF9C0BD1806EB4F2FB68F1DB00D1804B
S32500C1BA806EB5F2FB6AF1DB00D1806EB6F2FB6CF1DB00D1806EB7F2FB6EF1DB00C05B48B34C
S32500C1BAA0ED365C1BD700C100D4BB72EF9C0BD1806EB8F2FB70F1DB00D1806EB9F2FB72F18E
S32500C1BAC0DB00D1806EBAF2FB74F1DB00D1806EBBF2FB76F1DB00C05B48B3ED195C1BD7000B
S32500C1BAE0C100D4BB7AEF9C0BD1806EBCF2FB78F1DB00D1806EBDF2FB7AF1DB00D1806EBE47
S32500C1BB00F2FB7CF1DB00D1806EBFF2FB7EF1DB00888F889F88AFE6F8B4A6E6F90000DC0903
S32500C1BB20A998EA300ABCD7400200F78EF62EE6FB04A0E6FC0000D7000000F6FB40A0D70075
S32500C1BB400000F6FC42A0E119D7400200F7F94420E6FB06A0E6FC0000D7000000F6FB3AA0D8
S32500C1BB60D7000000F6FC3CA0E6FB013FD7400200F6FB0420E6FBB2BFD7400200F6FB062088
S32500C1BB80D7400200F78E3F20E134E1A5DAC156ECE7F48000E115DAC194E9E7F48000E1853F
S32500C1BBA0DAC156ECE124E105DAC156ECE124E105DAC194E9E118E6F23AA0E6F30000E00BA7
S32500C1BBC0E00CDAC102D2F0A2E7F49500E115DAC194E9E7F49500E185DAC156ECE7F428007D
S32500C1BBE0E1A5DAC156ECDAC1CCE30EAF66AFFFC076AF003F66AFE1FF1FAFFFAFDAC1AEDD45
S32500C1BC00E7F91700DC09B9980D02E6FA2000F02A98AF989F988FDB00EC06EC07ECF2ECF3E5
S32500C1BC20ECF4ECF5ECF8ECFBECFCECFDECFED7400300F2F8502AD7400300F2FB582A608B04
S32500C1BC409AF83580D7400200F2FB9E21D7400300F6FB362AE6FB0040D740030074FB262AAC
S32500C1BC60D7400200F3F4A221D7400200F3F5A321C04BE6FC1C001BBCE6FDC0A2F2FB0CFE59
S32500C1BC80F2FC0EFEE6FE000000CD10BEC05DE00E00CD10BEDC0BA99C4993EA30A2BCDAC1A3
S32500C1BCA066D6E6FBFFFED740030064FB582A9AF82890D7400300F2FB2C2A66FBFFF0D7409A
S32500C1BCC00200C2FCA42166FC0F005C8C70BCE6FC0001D740030074FC262AD7400300F6FBCB
S32500C1BCE02C2AE6FB0002D740030074FB262AE6FCFFFDD740030064FC582AD7400300F6FB86
S32500C1BD00542AFCFEFCFDFCFCFCFBFCF8FCF5FCF4FCF3FCF2FC07FC06FB88EC06EC07ECF2FF
S32500C1BD20ECF3ECF4ECF5ECF8ECFBECFCECFDECFED7400300F2F8D02AD7400300F2FBD82A0F
S32500C1BD40608B9AF83580D7400200F2FBA821D7400300F6FBB62AE6FB0040D740030074FB86
S32500C1BD60A62AD7400200F3F4AC21D7400200F3F5AD21C04BE6FC1C001BBCE6FDC0A2F2FB7E
S32500C1BD800CFEF2FC0EFEE6FE000000CD10BEC05DE00E00CD10BEDC0BA99C4993EA30A4BD30
S32500C1BDA0DAC166D6E6FBFFFED740030064FBD82A9AF82890D7400300F2FBAC2A66FBFFF015
S32500C1BDC0D7400200C2FCAE2166FC0F005C8C70BCE6FC0001D740030074FCA62AD74003001A
S32500C1BDE0F6FBAC2AE6FB0002D740030074FBA62AE6FCFFFDD740030064FCD82AD740030005
S32500C1BE00F6FBD42AFCFEFCFDFCFCFCFBFCF8FCF5FCF4FCF3FCF2FC07FC06FB88EC06EC076B
S32500C1BE20ECF2ECF3ECF4ECF5ECF8ECFBECFCECFDECFED7400300F2F8502BD7400300F2FBB1
S32500C1BE40582B608B9AF83580D7400200F2FBB221D7400300F6FB362BE6FB0040D7400300E6
S32500C1BE6074FB262BD7400200F3F4B621D7400200F3F5B721C04BE6FC1C001BBCE6FDC0A266
S32500C1BE80F2FB0CFEF2FC0EFEE6FE000000CD10BEC05DE00E00CD10BEDC0BA99C4993EA30A3
S32500C1BEA0A6BEDAC166D6E6FBFFFED740030064FB582B9AF82890D7400300F2FB2C2B66FB9D
S32500C1BEC0FFF0D7400200C2FCB82166FC0F005C8C70BCE6FC0001D740030074FC262BD740A2
S32500C1BEE00300F6FB2C2BE6FB0002D740030074FB262BE6FCFFFDD740030064FC582BD74081
S32500C1BF000300F6FB542BFCFEFCFDFCFCFCFBFCF8FCF5FCF4FCF3FCF2FC07FC06FB88EC06D9
S32500C1BF20EC07ECF2ECF3ECF4ECF5ECF8ECFBECFCECFDECFED7400300F2F8D02BD74003002A
S32500C1BF40F2FBD82B608B9AF83580D7400200F2FBBC21D7400300F6FBB62BE6FB0040D740F1
S32500C1BF60030074FBA62BD7400200F3F4C021D7400200F3F5C121C04BE6FC1C001BBCE6FD30
S32500C1BF80C0A2F2FB0CFEF2FC0EFEE6FE000000CD10BEC05DE00E00CD10BEDC0BA99C49935A
S32500C1BFA0EA30A8BFDAC166D6E6FBFFFED740030064FBD82B9AF82890D7400300F2FBAC2BE0
S32500C1BFC066FBFFF0D7400200C2FCC22166FC0F005C8C70BCE6FC0001D740030074FCA62BCD
S32500C1BFE0D7400300F6FBAC2BE6FB0002D740030074FBA62BE6FCFFFDD740030064FCD82B00
S32500C1C000D7400300F6FBD42BFCFEFCFDFCFCFCFBFCF8FCF5FCF4FCF3FCF2FC07FC06FB8833
S32500C1C020880F881F886F887F888FF064889FF07588AFF096F0A7089418A0F0B2F43F0E007B
S32500C1C040F41F1000F44F1200F40F1400F42F1600E008DC0AA9994991EA30CAC0F0B6F0C766
S32500C1C060DC0CA82B08B218C0DC0CA83BDAC18CEB46F2404236F30F00FD25F1B1F140E10AFD
S32500C1C080E0039AF50880F1946991C094C06B4C4B71A8C0427C12C0B47C14F1B880738DF183
S32500C1C0A008651870F15AF143F161DAC18CE3DC07A99641929D0209910D03E109DC0AB99989
S32500C1C0C0DC07B996E6F823000D2240B3FD20E6F82300F1B1E10AE0039AF50880F194699120
S32500C1C0E0C094C06B4C4B71A8C0427C12C0B47C14F1B880738DF1F15AF143F161DAC18CE3C1
S32500C1C100E119DC0AB999F026F037DAC14CE4F02898AF989F988F987F986F981F980FDB000A
S32500C1C12028F2B3FF0003B3FF2003B3FF0803B3FF3001E6ED000028F2840F10FF888F88AF17
S32500C1C140F034F085F0B3F0C806FB160018C0DC0CA8DBE00E00DD10EEF043F058004D105ECB
S32500C1C160DC05B824DC0CA8DB08D146FD0A00EA8084C1E00DF0E3F04806FE14001840E11B97
S32500C1C180DC04B9BEDC0CB8DBF0B3F0C806FB140018C0E005A3552200F0ED08E1DC0CA99BCD
S32500C1C1A02D15E09BF6FBDAFFDC08A8B3E00CA3BC026008321880EA1AA8C1E0ABF62E0EFE4B
S32500C1C1C0F62F0CFE7BBBF2F20EFE0D15F0DD2D0C28D1F6FDDAFFDC08A8B3E00CA3BC02606A
S32500C1C1E008321880EA1AD6C1C3222000C3330800F04EDAC1E8D698AF988F940F10FF08F257
S32500C1C200940FDAFF08F2940F5EFE08F2940F5CFE08F2940FDEFF08F2DB00888FF194F0E32D
S32500C1C220C0955C754953EA30C4C2F0B506FB32EAE00CDC0CA8BB1BBEE6FBFFFFF6070EFE1B
S32500C1C240F6060CFE7BBBE135E106F14906F558EAF2F80EFEDAC1FCB9C08BE0AC1BBCE6FD90
S32500C1C2609CA1F2FB0CFEF2FC0EFEE6F2000000CD10B2F0DCF02B08D21820DC02B88DF02E28
S32500C1C2807C82DC0BB94C08C418B0DC0BB8ECE00BDC0BA8C58FFCDC0BB8C5C09B48B3ED3627
S32500C1C2A05C1BD700C100D4BB52EF9C0BD1806FB30D2DD1806FB70D2AD1806FBB0D27D180D6
S32500C1C2C06FBF0D24F0B506FB12EAE00CDC0CA8BB1BBEE6FBFFFFF6070EFEF6060CFE7BBB62
S32500C1C2E0F2FB0EFE46FEFFFF3D01E01C00BCC05C5C1C00C506FC20EA06F526EAE00DDC0D00
S32500C1C300B8BCDC0DA8B56FFBDC0DB8B5988FDB00886F887FF1D4F1F5F1C6DAC1CCE3E10946
S32500C1C320D740020043F9032FEA3044C3E03BD7400300F6FB0C20CC00CC00E119D740020091
S32500C1C340F7F9032FC0DD5C8DF0ED06FE10E0E004E04BDC04B8BEF0BD06FB18E0E02CDC04A6
S32500C1C360B8CBF0BD06FB84E0E6FCFC0FDC04B8CBF0BD06FB86E0DC04B84BF0BD06FB88E004
S32500C1C380DC04B8CBF0BD06FB8AE0DC04B84BF0BD06FBECE0E09CDC04B8CBF0BD06FB1AE077
S32500C1C3A0DC04A8CB4FFCDC04B8CBDC04A8BE76FB0003DC04B8BEF0BD06FB98E0E6FC11117B
S32500C1C3C0DC04B8CBF0BD06FB9AE0DC04B8CBF0BD06FB9CE0DC04B8CBF0BD06FB9EE0DC040F
S32500C1C3E0B8CBF0BD06FBC2E0C0CCDC04B8CB06FDC0E0C0FBDC04B8BDDAC1AEDD987F986FBD
S32500C1C400DB00D7408103F3F9F9004991EA30CCC4E109D740810343F90001EA3034C4E6F2CA
S32500C1C4206640E6F3E000DAC14CE4E119D7408103F7F90001E7F41900E105DAC1DC77E109D3
S32500C1C440D740810343F9F800EA3080C4D700E000F2F26640D700E000F2F36840DAC18CEB51
S32500C1C46046F290D03833EAF080C4E7F41800E115DAC1DC77E119D7408103F7F9F8000D1F54
S32500C1C480E119D740810343F9F800EA30EEC4D700E000F2F26640D700E000F2F36840DAC120
S32500C1C4A08CEB46F290D03833EAF0EEC4E7F41800E105DAC1DC77D7408103F78EF800E6F2F8
S32500C1C4C06640E6F3E000DAC14CE4DB004990EA30EEC4E7F41800E105DAC1DC77D740810389
S32500C1C4E0F78EF800E7F41900E115DAC1DC77DB0028F2B3FF0003B3FF2003B3FF0801886FEF
S32500C1C500888F889F88AFF082F0A3E009DAC192EC49413D51F0BA46F8CCCC36FBCC00ED0551
S32500C1C520F0BA488338B0EA9030C5E6F91F000D44E10DD740020043FD0C2F3D3BE6FB5000EE
S32500C1C540A3AB0000A3008210A38B1000C3BB0800F0CBC3DD200048D036FC0001FD05A3DB87
S32500C1C5602200A30082020D05E11DA3DB2200A3008208C38808008180DAC1CCE3D180665D1C
S32500C1C5803FFFD180765D8000E00B49D13D01E01B5C8BF6FBC6F0F6F8C8F0760C1000DAC153
S32500C1C5A0AEDD857A8585E119D7400200F7F90C2F0D03E0290D01E089F02998AF989F988F94
S32500C1C5C0986F940F5EFE08F2940F5CFE08F2940FDEFF08F2DB00886F888F889F88AF28F4C0
S32500C1C5E0F1D4F1C5C44F0000C45F0200E109D740020043F93023EA30AAC6F14DF156F167C8
S32500C1C600DAC110C3D7400200F7FD8523D7400200F7FCA023E00B49D02D01E01B5C3B06FB9C
S32500C1C62070FFE1F9D740090363F92E02C09CE139D740090363F92F025C2CC09DE00E70CD05
S32500C1C640DC0EB8CBC0DB5C8BF0CB06FCA8E0E6FD0101DC0EB8DCF0CB06FCACE006FBAEE0A4
S32500C1C660E6FD1111DC0EB8DCDC0EB8DBF08FE6F9A4A3E6FA0000F06EA948E185DAC156ECDC
S32500C1C6809998DC0AB999089118A0E01B67F90F00C09C4CBCD740020074FBA22380268DECDF
S32500C1C6A0E119D7400200F7F9302308F498AF989F988F986FDB00DAC1CCEB7AF6F61048507A
S32500C1C6C02D5343FA1EFF2D4648102D6143F21EFF2D54201506F17F0048403D0546FE800054
S32500C1C6E03D02FAC14EEA5C8EF0547C8570E55C74FEF4F0525C725C737C957035F6F30CFE73
S32500C1C700F6F20EFE7BEEF2F20CFEF2F30EFEE60700007BEEF2F20EFEF6F40CFEE6070000EF
S32500C1C7207BEEF2F50EFE1B35F2F40CFEF2F50EFEE00E0055104410EE2024303EF1D47C8299
S32500C1C740F1567C838AF30470281101DD10221033FAC142EA46FE80003D1343F21EFF2D10C5
S32500C1C76048102D15FAC180EB43F21EFF2D0B48102D02FAC16AEBFAC178EB46F380002D0508
S32500C1C780FAC178EB46F380003DFBFAC16CEBE002F032DB00888F28F4E008E109D7400200B4
S32500C1C7A043F9FA2EEA20ACC7E0280D09E109D740020043F9022FEA20BEC7E6F83E004880D0
S32500C1C7C0EA3066C8DAC126EBDAC188E2D7400903F2FB2401C4BF0000D42F0000DAC1DEEA7B
S32500C1C7E0DAC10CDFE022002F66F2FF3F76F200C0E6F30000DAC1BAEA48203D08D4BF0200A3
S32500C1C800EA3010C8DAC194DAF0820D02E6F88C00E144E185DAC156ECE144E105DAC194E9E0
S32500C1C820DAC18AE4DAC13AE7E7F43500E105E00BF165F175F185F0CBDAC19255E6F2802C98
S32500C1C840E033E7F81000DAC12696DAC110BBDAC148D4DAC190B7DAC1DEE0BF88E119D74008
S32500C1C8600200F7F9FA2EF02808F4988FDB00C04BE00CE6FD42A5E6FE000000BD10CEE6FD9E
S32500C1C88038A4DC0CA98BC04BE00CE6FE000000BD10CEE003DC0CA99BC09B5C1B06FBC0FEC3
S32500C1C8A0F0C3DC03A85BC04BE6FDD2A4E6FE000000BD10CEDC0CA99B41A99D1EC04BE6FC7B
S32500C1C8C024001BBC219A2991F2FB0CFEF2FC0EFEE6FD42A4E6FE000000CD10BEC09D00DDAE
S32500C1C8E0103300CD10B3DC0BA8DC46FD0A009D04E0ADDC0BB8DC09A1C08BE6FC13001BBC7C
S32500C1C900E6FDF2A4F2FB0CFEF2FC0EFEE6FE000000CD10BEC0ADE00E00CD10BEDC0BA99C45
S32500C1C92047F9FF009D040991DC0BB99CDB00C08BE00CE6FD3EA5E6FE000000BD10CEE11929
S32500C1C940DC0CB99BDB00886F888F889F88AF28F4F082F093F0A4F065E109D740810343F9D2
S32500C1C960FC00EA307CC9E6F23040E6F3E000DAC10AECE119D7408103F7F9FC00E1F4F04F6E
S32500C1C98066F4FF3F76F400C0E6F50000E02B00BF66FBFF3F76FB00C0F0C5DAC19E5FD42F49
S32500C1C9A00000E6F43040E6F5E000DAC120C1C42F0000D4BF000046FBF401EA90C2C9E00B83
S32500C1C9C00D1546FB9411EAF0D0C9E6FB64000D0E26FBF401E6FCB80B1BBCE6FBA00FF60796
S32500C1C9E00EFEF6060CFE7BBBF2FB0EFED4CF000026FC900146FC6810ED04DC09B8B8E109EF
S32500C1CA000D04E00BDC09B8B8E119DC06B99A08F498AF989F988F986FDB00886FF1D4E109A6
S32500C1CA20D740020043F99420EA30E6CAF14DDAC110C3D7400200F7FDC720E00B49D02D018A
S32500C1CA40E01B5C3B06FB70FFE1F9D740090363F92A02C09CE139D740090363F92B025C2CDE
S32500C1CA60C09DE00E70CDDC0EB8CBD7400903C2F22D02F0C25C2C06FC40EC5C1206F280ECBA
S32500C1CA80C0DB5C8BF0DB06FD40E0DC0EB8DCDC0EB8E2DC0EA8C2DC0EB8C2E6FC0000DC0ED9
S32500C1CAA078CADC0EB8C2F0CB06FCB0E0E6FD5000DC0EB8DCF0CB06FCA8E0E6FD1101DC0EE7
S32500C1CAC0B8DCF0CB06FCACE006FBAEE0E6FD1011DC0EB8DCE6FC1111DC0EB8CBE119D7401F
S32500C1CAE00200F7F99420986FDB00888F889F88AFF034F085F09BF05CE00A47F43A008D0412
S32500C1CB0047F43B00EAF00ECBE6FA22000D4FC04BE06C1BBCE6FD46A5F2FB0CFEF2FC0EFEDA
S32500C1CB20E6FE000000CD10BEDC0BA99CEA3036CBE6FA21000D3BF0B870B32D04F0B570B955
S32500C1CB40EA304ACBE6FA1E000D31E10947F43B003D01E1190993C09B5C8BE00CF0DBF0EC9A
S32500C1CB6006FD140216FE2000F04D66FDFF3F7CE45C2E70E406FB040216FC2000DC4EA84D2D
S32500C1CB80F0DB66FBFF3FDC08B9837C84DC05B9897CED5C2C70CDDC4CA8BB9AFB0370E6FA80
S32500C1CBA02F000D049AFB0260E6FA2E00F02A98AF989F988FDB00889F88AFF094DC0CA99BC1
S32500C1CBC008B118C0F0A5DC0CA98BB18041982D01E1094990EA306CCCD7400200F6F260207E
S32500C1CBE09120D7400200F6F26220D7400200F6D66420F2FBACFF91B0D7400200F6FB662068
S32500C1CC00D7400200F6816820F2FB02FF91B0D7400200F6FB6A20D7000000F68E58A0D70048
S32500C1CC200000F68E5AA0D7000000F68F5CA0D7000000F68F5EA0E6F258A0E6F30000DAC1B9
S32500C1CC4088ECDAC1B8ECDAC1CCE3E648FF00764C0080E647FF00F68EACFFDAC1AEDDE6F248
S32500C1CC603057E053DAC1F0C4CC000DFEDAC1B8EC98AF989FDB00886F888FF08BF0B2889F23
S32500C1CC8088AFF09CF0C3F0ADD4DF0800D46F0A00DC0CB84B08B218C0E109DC0CB85BF0B2AE
S32500C1CCA0F0C308B418C0DC0CB88B08B218C0DC0CB89BF0B2F0C306FB080018C0DC0CB8ABED
S32500C1CCC008B218C0DC0CB8EBF0B2F0C306FB0C0018C0DC0CB8DB08B218C0E00DDC0CB86B31
S32500C1CCE0F0B2F0C306FB100018C0DC0CB8DB08B218C0DC0CB8DBF0B2F0C306FB140018C065
S32500C1CD00DC0CB8DB08B218C0DC0CB8DBF0B2F0C306FB1C0018C006F218001830DC0CB99BE6
S32500C1CD20DC03B8D208221830DC03B8D298AF989F988F986FDB00DAC1CCEB7AF6F610485001
S32500C1CD402D4643FA1EFF2D2E48102D4443F21EFF2D38001526F17E00F0542D47F0522D3D56
S32500C1CD601B24F2F50CFE42F50EFE1B2EF2F20CFE02F50EFE18201B34F2F40CFE02F50EFEC5
S32500C1CD8010241B3E02F20EFEF0327C83F1DA5C827C8570258AF30470281101DD1022103362
S32500C1CDA0FAC142EA46FE80003D0F43F21EFF2D0348102D0A0D0346F380003D06E073FAC18A
S32500C1CDC06CEB46F380002DFAE073FAC178EB43F21EFF2DFAE002F032DB0046F380003DC0D6
S32500C1CDE0F03EF0242811FAC14EEA46FE80003DB62811FAC14EEA28F2F034F195B3FF0003A2
S32500C1CE00B3FF2003B3FF0801888F889FF08BF09C29944993ED1BC04BE00CA3BC2200A300BA
S32500C1CE208203C3BB2000C3CC0800E6FD42A3E6FE000000BD10CEC05D28D4F0EDBCFE00DD9D
S32500C1CE4010EE00BD10CEDC0CA8BB0D11C05B5C1BF0CB06FCB0E1E00DDC0DA8CC9AFC05C084
S32500C1CE6006FB40E1DC0DA8BB0D02E6FBFFFFF04B7CC467F80F0041853D0A46FBFFFF2D0726
S32500C1CE807C2B66FBFF03DC05B8B3E1190D01E109DC09B998989F988F940F5EFE08F2940F53
S32500C1CEA05CFE08F2940FDEFF08F2DB00A55AA5A5F2FB6EF066FBFF0046FBFC002D03D18050
S32500C1CEC0E637FC3AE6FB8000D7400300F6FBE028CC00CC00CC00E6FB1340D7400300F6FB21
S32500C1CEE0002EE6FB3F00D7400300F6FB022EE6FB2C29D7400300F6FB102EE6FC3100D74039
S32500C1CF000300F6FC122ED7400300F6FB102ED7400300F6FC122EE689C200D130E6860000E2
S32500C1CF20E60900FEE60A0CF8E60B00FEE6000403E6010803E6028003B54AB5B5E6FF00E0E2
S32500C1CF40E109D740070343F9103E2D03E002DAC100EDBF88E002E004E005DAC10040FAC153
S32500C1CF60C2ECF194E00247F980009D51C09BF0C200BB10CC00BB10CCE6FDD8A6E6FE0000A7
S32500C1CF8000BD10CEF0DBF0EC08D218E0DC0EA8DDF0ED7C5E68E3EA30A0CFE6F22100DB00E8
S32500C1CFA048E13D35DC0CA99BC09B5C5BE00C06FB1C1016FC2000F0EB66FBFF3F7CEE5C2C1A
S32500C1CFC070CEDC4CA8BB8AFD0A309AFB0340E6F228000D0A8AFB0830E6F22D000D0566FBDC
S32500C1CFE00801EA20E8CFE02268D75C8DE00B06FD000216FB2000F0CD66FDFF3F7CEC5C2B08
S32500C1D00070BCDC4BA8CD0EFCDC4BB8CDDB00E6F22900DB00880F881F886F888F889F88AF6A
S32500C1D020F082F093F0A4F065E109D740810343F9FB00EA3068D0E6FBCDCCE6FC8C3F88CFBF
S32500C1D04088BFE004E6F52041E6F24840E6F3E000F0B4F0C4F0D4F0E4DAC176CC08F4E119C6
S32500C1D060D7408103F7F9FB00E6F24840E6F3E000F04AF056DAC178A1F042F053F028F03960
S32500C1D080DAC1DEB8F0B2E004E6F52041F02BDAC1FEE1F144EA209ED0E00BE6F32041F02B54
S32500C1D0A0F048F059DAC16EE1F1442D02F0B8F039F02BDAC1C8E498AF989F988F986F981F44
S32500C1D0C0980FDB00F195E01BC09C4CBCF1443D0374FB8AFE0D0274FB9EFEC04E5C8EF02E86
S32500C1D0E006F2E8E0E00BE01CC09D4CCDDC0B78CADC0BB8C2E6FCB6A0E6FD0000D74002008E
S32500C1D100258FB620DC0BA8B2DC0DA98C2981E6FCB7A0E6FD0000E0059AFB0400DC0DB98CED
S32500C1D12029810D03E105DC0DB95C7C1B08C118D080F58DF2C09B5C1B00BE06FB20E0E00CD1
S32500C1D140C06D5CAD2FFDDC0CB8DBD7400903C2FB2D025C1B06FBC0FEE139D740090363F94D
S32500C1D1602C02C09D5CCD9FFDDC0CB8DBDB00888FE008E6FB33A0E6FC0000DC0CA99B2D094B
S32500C1D1804945EA9092D1D7400200F78E3320E6F85100E6FB39A0E6FC0000DC0CA99BEA206B
S32500C1D1A0FCD1E7F41400E105DAC156ECE7F41400E185DAC156ECE7F41400E105DAC194E90A
S32500C1D1C0D7400200F78E3920E105D740020043F5052FEA30FCD1E119D7400200F7F9052F08
S32500C1D1E0E7F49400DAC194E9E7F43500E115DAC13E9FE7F44600E115DAC13E9FF028988F95
S32500C1D200DB00888F889FF05BF0ECE008F0B370B2EA301AD2E6F81E000D3A47F80800FD03CA
S32500C1D220E6F81F000D34D7400200F3F9062F4995EA803AD2E6F850000D2AC09BE0CC1BBC18
S32500C1D240E6FCC8A0F2F90CFEF2FB0EFEE6FD000000BC109DF0CBF0D9DC0DB82C08C218D080
S32500C1D260DC0DB83CF0CBF0D908C618D008B41890DC0DB85C08C218D0E015DC0DB8ECC08CEF
S32500C1D2804C5CDC09B9ABD7400200258F062FF028989F988FDB00F0E2DC03A99E49913D2153
S32500C1D2A0F02EF0B3082418B049803D04DC0BA8C208C10D01E00CDC0BB8C2F0CEF0D308C228
S32500C1D2C018D0DC0DA8CCDC0B48CAED2BE109DC03B99E08E61830E00CDC0BB8C2DC03B8CE29
S32500C1D2E00D22F02EF0B3082618B049813D04DC0BA8C208C10D01E00CDC0BB8C2F0CEF0D380
S32500C1D30008C218D0DC0DA8CCDC0B48CAED0CE119DC03B99E08E41830E00CDC0BB8C2DC03B5
S32500C1D320B8CEE114DB00E104DB00C04BE06C1BBCE6FD46A5F2FB0CFEF2FC0EFEE6FE00003F
S32500C1D34000CD10BE08C218B0E6FE0000DC0BA8DC08C218B0DC0BA8BCDC0BA99DC09BE6FC43
S32500C1D3600A021BBCE6FDD8A8F2FB0CFEF2FC0EFE00CD10BE49503D0AF0DCF0EB06FD060282
S32500C1D38018E0DC0EA99D06FC07020D09F0DCF0EB06FD020118E0DC0EA99D06FC030118B0DA
S32500C1D3A0DC0BA98C41989D0421892981F148DB00E7F48100214901482941DB00C04BE06CFD
S32500C1D3C01BBCE6FD46A5F2FB0CFEF2FC0EFEE6FE000000CD10BE08C218B0E6FE0000DC0B14
S32500C1D3E0A8DC08C218B0DC0BA8BCDC0BA99DC09BE6FC0A021BBCE6FDD8A8F2FB0CFEF2FC70
S32500C1D4000EFE00CD10BE49503D0AF0DCF0EB06FD060218E0DC0EA94D06FC07020D09F0DC47
S32500C1D420F0EB06FD020118E0DC0EA94D06FC030118B0DC0BA99C41498D022149DB00E7F835
S32500C1D440810021890148DB00E6FBAEA6E6FC0000DC0CA99BEA30CAD4D7400200F78E2C20D1
S32500C1D460D7400200F78E2720D7400200F78E5620E7F91600DC0CB99BE7F41500E1A5DAC1A9
S32500C1D48056ECE6FB04A1E6FC0000D7000000F6FB22A0D7000000F6FC24A0E6FB44A1E6FC5C
S32500C1D4A00000D7000000F6FB28A0D7000000F6FC2AA0E6F222A0E138E6FB047CE6FCC100CB
S32500C1D4C0E6F30000DAC102D2DB00E6F22000DB00886F888F889F88AFD700E000F2F9F04051
S32500C1D4E0D700E000F2FAF240F0DAD700E000F2FBF440D700E000F2FCF64091B091C0409BA6
S32500C1D50030DC2D02E009F0A9F0BA70B9EA2026D5DAC1B8EC4941EA304ED5DAC1CCE3CED6BB
S32500C1D520DAC1AEDD0D14DAC18AE4DAC13AE7E6F84543E6F9C200E006DC09A948E105DAC1D4
S32500C1D5403E9F0881189080168DF7DAC148EB98AF989F988F986FDB00886F888F889F88AF1B
S32500C1D560D700E000F2F9E840D700E000F2FAEA40F0DAD700E000F2FBEC40D700E000F2FC0E
S32500C1D580EE4091B091C0409B30DC2D02E009F0A9F0BA70B9EA20AED5DAC1B8EC4941EA3029
S32500C1D5A0D6D5DAC1CCE3FED6DAC1AEDD0D14DAC18AE4DAC13AE7E6F84543E6F9C200E006E2
S32500C1D5C0DC09A948E105DAC13E9F0881189080168DF7DAC148EB98AF989F988F986FDB00B0
S32500C1D5E0880F881F886F887F888F889F88AFF082F093F0A4F065F07BF00C88DFF01EE1090F
S32500C1D600DC00B997DC09A948DAC162CF4820EA3026D6DC09A948F04AF056DAC19890E119E4
S32500C1D620DC00B9970D1746F22800EA3054D6DC09A948DAC194A9E109E6FDFF07E00EF028A8
S32500C1D640F039F48F1000F4AF1200D4BF0000F0C1DAC11E8008F298AF989F988F987F986F58
S32500C1D660981F980FDB00886FF1C4C0CBE6FC1C001BBC887FF1D5F2F30CFEF2F20EFEE6FB11
S32500C1D680C0A2E6FC0000002B103CC0DBE00CF0D2F0E300DB10ECE109DC0EB99D06F20C00E7
S32500C1D6A01830C0DB00BB10CC00BB10CC002B103CDAC14CE4C0CB5C7B06FB46EAE04CC0DDF4
S32500C1D6C05C2D4CCDC0CD5C3DC0DE5C1E00DE06FD60F1A87D76F74000D130A86B706CB87D7A
S32500C1D6E0B86B987F986FDB002BA53D0FF6F30EFE5B44F2FA0CFEF2F30EFEF6FA0CFEF6F2CE
S32500C1D7000EFE7B44F2F20EFEDB00883F882F884F885F48A03D03F023E0030D0A4C5A81A074
S32500C1D7206C4A7054F0436C3A6C2A81A04C4A7024F6F30CFEF6F20EFE7B55F2F20EFE985F50
S32500C1D740984F1B25F2F30EFE1B2402F30CFEF2F50EFE9D0208F40D05984F98AF2054303A00
S32500C1D760FD012821E003DB00880FF002F0B0F0C308B118C0DC03A940DC0CA98BF0B0F0C339
S32500C1D78008B218C05C725C647148DC0CA98BF0B0F0C308B318C05C547148DC0CA98BF0B0C2
S32500C1D7A0F0C308B418C05C447148DC0CA98BF0B0F0C308B518C05C347148DC0CA98BF0B0F9
S32500C1D7C0F0C308B618C0080718305C247148DC0CA99B01997149DC037948980FDB00880F70
S32500C1D7E0F002F0B0F0C308B118C0DC03A940DC0CA98BF0B0F0C308B218C05C725C6471487C
S32500C1D800DC0CA98BF0B0F0C308B318C05C547148DC0CA98BF0B0F0C308B418C05C4471487A
S32500C1D820DC0CA98BF0B0F0C308B518C05C347148DC0CA98BF0B0F0C308B618C00807183078
S32500C1D8405C247148DC0CA99B01997149DC037948980FDB00EC06EC07ECF2ECF3ECF4ECF5C3
S32500C1D860ECFBECFCECFDECFED7400200F2369221D7400200F3F49421D7400200F3F59521DF
S32500C1D880C04BE6FC1C001BBCF2FB0CFEF2FC0EFEE6FDC0A2E6FE000000CD10BEC05DE00E21
S32500C1D8A000CD10BEDC0BA99C4993EA30B2D8DAC166D6FCFEFCFDFCFCFCFBFCF5FCF4FCF3D1
S32500C1D8C0FCF2FC07FC06FB88EC06EC07ECF2ECF3ECF4ECF5ECFBECFCECFDECFED7400200ED
S32500C1D8E0F2379821D7400200F3F49A21D7400200F3F59B21C04BE6FC1C001BBCF2FB0CFE30
S32500C1D900F2FC0EFEE6FDC0A2E6FE000000CD10BEC05DE00E00CD10BEDC0BA99C4993EA30BA
S32500C1D92026D9DAC166D6FCFEFCFDFCFCFCFBFCF5FCF4FCF3FCF2FC07FC06FB88EC06EC073D
S32500C1D940ECF2ECF3ECF4ECF5ECFBECFCECFDECFED7400200F23C8621D7400200F3F4882149
S32500C1D960D7400200F3F58921C04BE6FC1C001BBCF2FB0CFEF2FC0EFEE6FDC0A2E6FE00003B
S32500C1D98000CD10BEC05DE00E00CD10BEDC0BA99C4993EA309AD9DAC166D6FCFEFCFDFCFC28
S32500C1D9A0FCFBFCF5FCF4FCF3FCF2FC07FC06FB88EC06EC07ECF2ECF3ECF4ECF5ECFBECFC31
S32500C1D9C0ECFDECFED7400200F23D8C21D7400200F3F48E21D7400200F3F58F21C04BE6FC6B
S32500C1D9E01C001BBCF2FB0CFEF2FC0EFEE6FDC0A2E6FE000000CD10BEC05DE00E00CD10BE12
S32500C1DA00DC0BA99C4993EA300EDADAC166D6FCFEFCFDFCFCFCFBFCF5FCF4FCF3FCF2FC07BB
S32500C1DA20FC06FB88D7400200F6F260209120D7400200F6F26220D7400200F6D66420F2FB8F
S32500C1DA40ACFF91B0D7400200F6FB6620D7400200F6816820F2FB02FF91B0D7400200F6FB32
S32500C1DA606A20D7000000F6F458A0D7000000F6F55AA091409150D7000000F6F45CA0D7009A
S32500C1DA800000F6F55EA0E6F258A0E6F30000DAC188ECDB00886F887F888F889F88AFE008E8
S32500C1DAA0E6F9CC42E6FAC200F068F0B9F0CADC0CA8DB08B218C0F04DDC0CA8BBF0CDF0EB38
S32500C1DAC0F07BDC0EA82C08C218E00844187008D618B0089418A0DC0BA85DDC0EA83CDC0729
S32500C1DAE0A844DAC146E248202D01F08280168DDDF02898AF989F988F987F986FDB00886FFB
S32500C1DB00888F889FF1D449D3ED29C0D8E009E6FB0DAFE6FC0000008B109CDC09A998EA3092
S32500C1DB205CDBDAC1CCE3C0DB5C7BF0CB06FC00EAE00DE03EDC0DB8ECCC00CC00F0CB06FC97
S32500C1DB402EEA06FB14EAE6FE2000DC0DB8ECDC0DB8DBDAC1AEDDE119DC09B998989F988F26
S32500C1DB60986FDB00888F889F28F2F082F093E109D740810343F9FE00EA3098DBE118E6F58F
S32500C1DB801400E6F26A40E6F3E000DAC16CEAE119D7408103F7F9FE00E7F42600F04F66F461
S32500C1DBA0FF3F76F400C0E6F50000DAC1C2A7F48F0000E6F26A40E6F3E000DAC196D2DC09B1
S32500C1DBC0B94808F2989F988FDB00888F889F28F2F082F093E109D740810343F9FF00EA3023
S32500C1DBE0FEDBE118E6F51400E6F27240E6F3E000DAC16CEAE119D7408103F7F9FF00E7F40A
S32500C1DC002700F04F66F4FF3F76F400C0E6F50000DAC1C2A7F48F0000E6F27240E6F3E00070
S32500C1DC20DAC196D2DC09B94808F2989F988FDB00F005700E66F0F07F2D1446F0F07F2D179F
S32500C1DC402AFEF5FF6D10405EED0E8D09404DED0B8D06403CED088D03402BED052D028AF511
S32500C1DC6004F0E0020D038AF5FCF0E012DB00F0057C405D0566F0FF0746F0FF072D08F00EE1
S32500C1DC807C405DDE66F0FF0746F0FF073DD9E002DB00E00CF2FD12FEF0EC70CDF2FB0CFF5F
S32500C1DCA0E6860000E6FD28A4F6FD12FEE60AA8A370BEF6FD16FEDC0BA84C08C218B0E022A0
S32500C1DCC0DC0BA85CDAC124DADAC1ACECDAC1CCE3E648FF00764C0080E647FF00F68EACFFB2
S32500C1DCE0DAC1AEDDE6F23057E053DAC1F0C4CC000DFEE00CF2FD12FEF0EC70CDF2FB0CFF83
S32500C1DD00E6860000E6FD28A4F6FD12FEE60AA8A370BEF6FD16FEDC0BA84C08C218B0E0322F
S32500C1DD20DC0BA85CDAC124DADAC1B2ECDAC1CCE3E648FF00764C0080E647FF00F68EACFF4B
S32500C1DD40DAC1AEDDE6F23057E053DAC1F0C4CC000DFE888F889FF08BF09CC04BE00CE6FDFF
S32500C1DD60B7A0E6FE000000BD10CEF034DC0CA99BC09BE00C00BB10CCE6FD96A0E6FE0000DB
S32500C1DD8000BD10CEDC0CA8BBF04B7CC467F80F0041843D077C2B66FBFF03DC05B8B3E11994
S32500C1DDA00D01E109DC09B998989F988FDB00F2FB10FFE014AA8801B0E004F2FB10FFD18031
S32500C1DDC0E660AAAAD180E6605455F2FBC2F066FBFF0091B066FBFF0076FB0096F6FBC0F05A
S32500C1DDE0D180E6600018F2FBC2F066FBFF0091B066FBFF0076FB008EF6FBC0F04980EA209A
S32500C1DE0004DEBF88DB00F0B2F0C308B118C0E109DC03B992DC0CB99BF0B2F0C308B218C01A
S32500C1DE20DC0CB99BF0B2F0C308B318C0DC0CB99BF0B2F0C308B418C0DC0CB99BF0B2F0C341
S32500C1DE4008B518C0DC0CB99BF0B2F0C308B618C008271830DC0CB99BDC03B992DB00F0B2E5
S32500C1DE60F0C308B118C0E109DC03B992DC0CB99BF0B2F0C308B218C0DC0CB99BF0B2F0C3CF
S32500C1DE8008B318C0DC0CB99BF0B2F0C308B418C0DC0CB99BF0B2F0C308B518C0DC0CB99BA1
S32500C1DEA0F0B2F0C308B618C008271830DC0CB99BDC03B992DB009AF305F00FF68120183088
S32500C1DEC081300D010EF62B132D1448102D0E4C314AF6F300F0624C214AF3F2000EF3811076
S32500C1DEE06C6170364AF2F6000EF206F19E00FAC17CEC2B123D03E003F0230D064C2126F1F4
S32500C1DF008E008110C0535C82FAC158EA428ED0FE3D0E428ED2FEEA302EDFDAC1CCE3F68EAF
S32500C1DF20D0FEF68FD2FEDAC1AEDDE002DB00F2FBD2FE91B042FBD0FE3D10428FD0FEEAF045
S32500C1DF4056DFDAC1CCE30668010026690100DAC1AEDDE002DB00E022DB00E012DB0088AFB8
S32500C1DF60DAC140E148102D2046F1FF072D164AFAF50CF0A3F0355C33F0547CD57035F0241F
S32500C1DF805C32F05A7CD570255C3AF06A4AF3F6F006F180FC98AFFAC142EA98AF48502D023A
S32500C1DFA0FAC178EBFAC16CEBE002F03298AFDB00EC06EC07ECF2ECF3ECF4ECF5ECF9ECFA16
S32500C1DFC0ECFBECFCECFDECFE6EB4F2FB68FFD7000000F2F914A0D7000000F2FA16A0DAC1D8
S32500C1DFE0B8EC6FB4FCFEFCFDFCFCFCFBFCFAFCF9FCF5FCF4FCF3FCF2FC07FC06FB88E00C94
S32500C1E000F2FD12FEF0EC70CDF2FB0CFF70BEDC0BA84C08C218B0E052DC0BA85CDAC124DAD8
S32500C1E020DAC1A6ECDAC1CCE3E648FF00764C0080E647FF00F68EACFFDAC1AEDDE6F2305753
S32500C1E040E053DAC1F0C4CC000DFE28F4E109D740810343F9FD00EA208EE0E184F04F66F450
S32500C1E060FF3F76F400C0E6FC0000E02B00BF66FBFF3F76FB00C0F05CDAC19E5FD42F00000E
S32500C1E080E6F40040E6F5E000DAC120C10D01E00208F4DB0028F4E109D740810343F9FD00C7
S32500C1E0A0EA20D8E0E194F04F66F4FF3F76F400C0E6FC0000E02B00BF66FBFF3F76FB00C0E5
S32500C1E0C0F05CDAC19E5FD42F0000E6F41840E6F5E000DAC120C10D01E00208F4DB00888F4B
S32500C1E0E0889F88AFE008E6F9BAA6E6FA0000DC0AA999EA3018E1DAC1CCE3D180E68811009F
S32500C1E100D180E668F8FFE6A70500DAC1AEDDE7F91800DC0AB9990D02E6F82000F02898AF4E
S32500C1E120989F988FDB00F0DDF06E4AF6FAF166FE0F005C167C563A88FE3446F6FF072D0D62
S32500C1E140F0154AF1FAF066F50F005C117C513A88F53446F1FF072D06DB0046FE10003A88DE
S32500C1E160FE340DEE46F510003A88F5340DF5F003700566F0807F2D0D46F0807F2D102AF5EB
S32500C1E180F3FF6D09F00320243005ED052D028AF304F0E0020D038AF3FCF0E012DB00F00337
S32500C1E1A07C705D02B1002D05F0057C705DE8B1003DE6E002DB00F003700566F0807F2D11B8
S32500C1E1C046F0807F2D102AF5F3FF6D09F00320243005ED052D068AF304F0E0020D038AF30E
S32500C1E1E0FCF0E012DB00F0037C705D02B1002D05F0057C705DE8B1003DE6E002DB00F003D4
S32500C1E200700566F0807F2D0D46F0807F2D102AF5F3FF6D09F00320243005ED052D029AF320
S32500C1E22004F0E0020D039AF3FCF0E012DB00F0037C705D02B1002D05F0057C705DE8B100F3
S32500C1E2403DE6E002DB00F0B4E00C00B510CC46FB001038C09D16F2FBDEFE66F4FF015C1467
S32500C1E26066FB01FC70B4F6FBDEFEF0552D08DC03A8B2F6FBE2FE0822183028513DF8E00202
S32500C1E280DB00E6F21F00DB00D700E000F68EE840D700E000F68EEA40D700E000F68FEC40DA
S32500C1E2A0D700E000F68FEE40D700E000F68EF040D700E000F68EF240D700E000F68FF440E5
S32500C1E2C0D700E000F68FF640DB00DAC1DAEB43F21EFF2D1348102D1888AF06F18003F053A7
S32500C1E2E07C355CD3F0427C3470435CD2F032E002F0A6DAC124E598AFDB0046F380002D026C
S32500C1E300FAC144E9FAC134E9FAC132E5EC06EC07ECF2ECF3ECF4ECF5ECFBECFCECFDECFE9F
S32500C1E320E012E6F458D5E6FB10A0E6FC0000E6F5C100DAC1B6CBFCFEFCFDFCFCFCFBFCF51F
S32500C1E340FCF4FCF3FCF2FC07FC06FB88EC06EC07ECF2ECF3ECF4ECF5ECFBECFCECFDECFE9C
S32500C1E360E042E6F4D0D4E6FB12A0E6FC0000E6F5C100DAC1B6CBFCFEFCFDFCFCFCFBFCF536
S32500C1E380FCF4FCF3FCF2FC07FC06FB88E00B47F40A00EAF09CE3E6FB1F000D11C04CE00DC1
S32500C1E3A0E6FE18A0E6F4000000CE10D4F186DC0DA99CB180619861567195DC0DB99CE119AA
S32500C1E3C0D7400200F7F93320F02BDB00F2FB10FFE014AA8801B0E004F2FB10FFD180E660DA
S32500C1E3E0AAAAD180E6605455F2FBC2F066FBFF0091B066FBFF0076FB0096F6FBC0F0F68EF6
S32500C1E400C0F04980EA200AE4BF88DB00DAC140E148102D1A46F1FF072D0F8AFA110046F102
S32500C1E420FF038D125CB57C54705426F10E04ED0881106C51F025DB0048502D02FAC15EE9AA
S32500C1E4403AFAF20FBCF20DF7E0020DF5888FF042F053E008E105D740020043F5BA26EA3085
S32500C1E46068E4E6F821000D0EF0B570B43D03E6F81E000D08DAC1ACEBDC05B82408421850B4
S32500C1E480DC05B834F028988FDB00886F888F889FE6F8F442E6F9C200E006DC09A948C04B1D
S32500C1E4A05C1B06FB00E8E00CE6FD8000DC0CB8DBE105DAC194E906F80800189080768DED4F
S32500C1E4C0989F988F986FDB00DAC1DAEB48102D1943F21EFF2D0D8AF6100046F17F008D11C7
S32500C1E4E07C82F15626F18E00ED0881106C21DB0046F380002D02FAC186EB3AF6F20FBCF28A
S32500C1E5000DF6E0020DF49AF008F008211830184018508AF501500D0108114810BD0F46F149
S32500C1E520FF079D0E5C4166F50F0070514AFAF50FDB00E005F045F035F025DB00FAC154E951
S32500C1E540FAC134E9EC06EC07ECF2ECF3ECF4ECF5ECFBECFCECFDECFEE6200A00D7400200EE
S32500C1E560F3F43224DAC16EC8FCFEFCFDFCFCFCFBFCF5FCF4FCF3FCF2FC07FC06FB88EC06AC
S32500C1E580EC07ECF2ECF3ECF4ECF5ECFBECFCECFDECFEE6210A00D7400200F3F43324DAC19E
S32500C1E5A06EC8FCFEFCFDFCFCFCFBFCF5FCF4FCF3FCF2FC07FC06FB88EC06EC07ECF2ECF394
S32500C1E5C0ECF4ECF5ECFBECFCECFDECFEE6220A00D7400200F3F43624DAC16EC8FCFEFCFDE1
S32500C1E5E0FCFCFCFBFCF5FCF4FCF3FCF2FC07FC06FB88EC06EC07ECF2ECF3ECF4ECF5ECFBD5
S32500C1E600ECFCECFDECFEE6230A00D7400200F3F43724DAC16EC8FCFEFCFDFCFCFCFBFCF566
S32500C1E620FCF4FCF3FCF2FC07FC06FB88886F888F889FDAC18AE4DAC13AE7E6F84543E6F97F
S32500C1E640C200E006DC09A948E105DAC13E9F0881189080168DF7DAC148EB989F988F986F99
S32500C1E660DB00ECF6ECF7ECFBECFCE6FBD4F1D7400200C2FC32245C1C06FC60FFA86B66F649
S32500C1E6803FFFA87C66F73FFFD110B86BB87CFCFCFCFBFCF7FCF6FB88ECF6ECF7ECFBECFC93
S32500C1E6A0E6FBD6F1D7400200C2FC33245C1C06FC60FFA86B66F63FFFA87C66F73FFFD11097
S32500C1E6C0B86BB87CFCFCFCFBFCF7FCF6FB88ECF6ECF7ECFBECFCE6FBDCF1D7400200C2FCAC
S32500C1E6E036245C1C06FC60FFA86B66F63FFFA87C66F73FFFD110B86BB87CFCFCFCFBFCF79A
S32500C1E700FCF6FB88ECF6ECF7ECFBECFCE6FBDEF1D7400200C2FC37245C1C06FC60FFA86B5B
S32500C1E72066F63FFFA87C66F73FFFD110B86BB87CFCFCFCFBFCF7FCF6FB88886F888F889FF5
S32500C1E740E6F8F440E6F9C200E006F0B8F0C908B118C0DC09A948E105DC0CA96BDAC18CE3A5
S32500C1E7600884189080B68DF1989F988F986FDB00888F889FE109D740020043F9FA2EEA20FB
S32500C1E78098E7DAC1C2AEF082F092DAC11A844880EA209CE7F0290D02E6F22100989F988F27
S32500C1E7A0DB00EC06EC07ECF2ECF3ECF4ECF5ECFBECFCECFDECFEE104E115DAC15AABFCFE3D
S32500C1E7C0FCFDFCFCFCFBFCF5FCF4FCF3FCF2FC07FC06FB88EC06EC07ECF2ECF3ECF4ECF5E1
S32500C1E7E0ECFBECFCECFDECFEE104E125DAC15AABFCFEFCFDFCFCFCFBFCF5FCF4FCF3FCF285
S32500C1E800FC07FC06FB88EC06EC07ECF2ECF3ECF4ECF5ECFBECFCECFDECFEE124E105DAC11E
S32500C1E8205AABFCFEFCFDFCFCFCFBFCF5FCF4FCF3FCF2FC07FC06FB88EC06EC07ECF2ECF342
S32500C1E840ECF4ECF5ECFBECFCECFDECFEE124E115DAC15AABFCFEFCFDFCFCFCFBFCF5FCF430
S32500C1E860FCF3FCF2FC07FC06FB88EC06EC07ECF2ECF3ECF4ECF5ECFBECFCECFDECFEE12462
S32500C1E880F154DAC15AABFCFEFCFDFCFCFCFBFCF5FCF4FCF3FCF2FC07FC06FB88EC06EC07BF
S32500C1E8A0ECF2ECF3ECF4ECF5ECFBECFCECFDECFEE134E105DAC15AABFCFEFCFDFCFCFCFBF4
S32500C1E8C0FCF5FCF4FCF3FCF2FC07FC06FB88EC06EC07ECF2ECF3ECF4ECF5ECFBECFCECFD10
S32500C1E8E0ECFEE134E115DAC15AABFCFEFCFDFCFCFCFBFCF5FCF4FCF3FCF2FC07FC06FB8894
S32500C1E900EC06EC07ECF2ECF3ECF4ECF5ECFBECFCECFDECFEE134E125DAC15AABFCFEFCFD7D
S32500C1E920FCFCFCFBFCF5FCF4FCF3FCF2FC07FC06FB880D00E002F032F042E6F5F07F4AFA0A
S32500C1E940F50FDB00E012F2F21EFFF032F042E6F5FF7FDB00E002F032F042F052DB00E00261
S32500C1E960E003DB00880F881F886FF0B2F0C3F02BF03CDAC1FEE149403D03F02BF03C0D04A6
S32500C1E980F024F035F04BF05CDAC1DAB8986F981F980FDB00C0447C34C0830EF3E01B67F435
S32500C1E9A00F00C04C4CBC06F3A2FFE00C49513D03DC0C78BB0D0391B0DC0C68BBDC0CB8B343
S32500C1E9C0DB00E01BE1F56154C05C4CBCC0427C32C0420EF206F280FFE00CF0DBDC0C68DAE1
S32500C1E9E0E00240DB3D01E012DC05B944DB00886FF1C5E109E0059AF20800F18C6981C083B0
S32500C1EA00C0AB4C3B7196C0C67C16C0427C1280758DF2F149986FDB00D0429AF204F00FF667
S32500C1EA2081200D02C0420EF62B123D03E002F032DB004C2126F18E008110C0535C82FAC1AE
S32500C1EA4058EA9AF604F0082119609D0108114810BD0946F1FF009D085C13F1727C134AF636
S32500C1EA60F30FDB00FAC180EBFAC16CEBF0B2F0C308B218C0DC03B982DC0CB85BF0B2F0C369
S32500C1EA8008B418C008261830E00DDC0CB8DBDC03B8D2DB00886F888F889FF1D4F084F09506
S32500C1EAA0F14DDAC112ADE115F14DF048F059DAC16073989F988F986FDB00F2FBD2FE91B096
S32500C1EAC042FBD0FE3D06F2FBD0FEDC03B8B2E002DB00E6FBFFFFDC03B8B2E012DB00888F54
S32500C1EAE0882FD48F00009180DAC1CCE3F6F890FEF6F88EFED4BF0000DAC1AEDD08F2988F0A
S32500C1EB00DB00F02366F2807F2D0546F3807F2D04E0020D01E012DB00F0237C725DF9B14049
S32500C1EB203DF7E002DB00D7400200F78E1020D7400200F78F1120D7400200F78E1220D74098
S32500C1EB400200F78F1320DB00E7F91700D740020043F9B4263D07E119D7400200F7F9F62EC7
S32500C1EB60E002DB00E6F22100DB000D00E6F3807FE0024AF6F30FDB00F2F21EFFF032DB005B
S32500C1EB80E002F032DB00E003F023DB00F042F053E105D740020043F5BA263D03E002F0322E
S32500C1EBA0DB00DAC1ACEB20243035DB00D120F2FCD6F0F2FDD4F0F2FED6F040CE3DF7F03C81
S32500C1EBC0F0BDE002F0C2702B703CDB004AF5F6F1C0AE5C157C853A88FE374AF3F6F05C137C
S32500C1EBE0C0713A88F3387C13C063DB00C0457C35C0AB0EFB06FBA2FFE00CDC0CA8DB9140AF
S32500C1EC0060D470D3DC0CB8DBDB00F0B2F0C306FB140018C0E109DC0CB99B06F216001830A2
S32500C1EC20E00BDC03B8B2DB00F0322D097CE35C13D43300FE4AF3F20E4AF3F21F7C23DB00CE
S32500C1EC40F0332D08DC05A9D4B9D208210841185028313DF8DB00C04B5C1B06FB00E8E00C12
S32500C1EC60C05D5C4DDC0CB8DBDB00E00BE109DC03B99208211830807B8DF9DB00F1D47C8222
S32500C1EC80F1567C83FAC142EAE004E0A5DAC146E2DB00D7400200F3F40B2FDB00D7408103C9
S32500C1ECA0F7F4F900DB00DAC12CE6DB00DAC12CE6DB00DAC12CE6DB00ECFAECF9DB00FAC1D5
S32500C1ECC040EC0DFF10EEC10010EEC10010EEC10010EEC10010EEC10010EEC100C6EDC10047
S32500C1ECE010EEC10010EEC10010EEC10010EEC10010EEC10010EEC10010EEC100ECEDC1007A
S32500C1ED00886F887F888F889F88AFF082E6F610FEE6F7C100DC17A986F49601006983D08CCA
S32500C1ED205C1CD09B28B1D700C100D4CC82EF9C0C5C2BDC37D4360C00D4260A00D45604001D
S32500C1ED40D4460200D7500703D4ABC62CD49BC42CDC17D4C60800D4B60600DAC1B8EC0D2638
S32500C1ED605C2BDC37D4360C00D4260A00D4560400D4460200D7500703D4ABE62CD49BE42C8D
S32500C1ED80DAC1B8EC0D1328F2B99FDC37D4360C00D4260A00D4560400D4460200DC17D4C6D7
S32500C1EDA00800D4B60600DAC110EE08F248802D02A758A7A706F60E000DAD98AF989F988FB4
S32500C1EDC0987F986FDB0028F4F0D4F0E5B84FC45F0200DC0C999BDC0EB99D08D118E028211C
S32500C1EDE03830F04370423DF508F4DB0028F4F0B4F0C5B84FC45F0200E109DC0CB99B08B176
S32500C1EE0018C028213830F0D370D23DF608F4DB007C60BA627C66EA67EA67EA67EA67966778
S32500C1EE209667EA67EA67EA67EA67EA67EA67EA67EA67EA67EA67EA67EA67EA67EA67EA674F
S32500C1EE40EA67EA67EA67EA67EA67EA67EA67EA67EA67EA67EA67EA67EA67EA67EA678A643E
S32500C1EE609265EA67EA67EA67EA67EA67EA67EA67EA67EA67EA67EA67EA67EA67EA67EA6715
S32500C1EE80EA67EA67EA67966752568258505E7E5F7E5F7E5F7E5F7E5F7E5F7E5F7E5F7E5FC6
S32500C1EEA07E5F7E5F7E5F7E5F7E5F7E5F7E5F7E5F7E5F7E5F7E5F7E5F7E5F7E5F7E5F7E5FBB
S32500C1EEC07E5F7E5F7E5F7E5F7E5F7E5F7E5F7E5F7E5F7E5F7E5F605B365D22582A582A5820
S32500C1EEE02A582A582A582A582A582A582A582A582A582A582A582658F85A005B005B005BD4
S32500C1EF00005B005B005B005B005B005B005B005B005B005BFC5A965C9E5C9E5C9E5C9E5C6C
S32500C1EF209E5C9E5C9E5C9E5C9E5C9E5C9E5C9E5C9E5C9A5CE45EEC5EEC5EEC5EEC5EEC5E96
S32500C1EF40EC5EEC5EEC5EEC5EEC5EEC5EEC5EEC5EE85EACC2B2C2B8C2BEC228BA62BA9CBA24
S32500C1EF60D6BA3ABA44BA4EBA58BA74BA7EBA88BA92BAAEBAB8BAC2BACCBAE8BAF2BAFCBA5A
S32500C1EF8006BBBAED30ED60ED86EDC863CE63D4631694A294E69438A856A884A8D6A0FCA05C
S32500C1EFA01AA16A9466949A9F7A9F42A032A078A06AA0AEA0A0A0F4A5F8A58A848E84AAAB76
S32500C1EFC0F8AB000000000000000000000000000000000000000000000000000000000000C7
S32500C1EFE000000000000000000000000000000000000000000000000000000000000000004A
S32500C1F000000000000000000000000000000000000000000000000000000000000000000029
S32500C1F020000000000000000000000000000000000000000000000000000000000000000009
S32500C1F0400000000000000000000000000000000000000000000000000000000000000000E9
S32500C1F0600000000000000000000000000000000000000000000000000000000000000000C9
S32500C1F0800000000000000000000000000000000000000000000000000000000000000000A9
S32500C1F0A0000000000000000000000000000000000000000000000000000000000000000089
S32500C1F0C0000000000000000000000000000000000000000000000000000000000000000069
S32500C1F0E0000000000000000000000000000000000000000000000000000000000000000049
S32500C1F100000000000000000000000000000000000000000000000000000000000000000028
S32500C1F120000000000000000000000000000000000000000000000000000000000000000008
S32500C1F1400000000000000000000000000000000000000000000000000000000000000000E8
S32500C1F1600000000000000000000000000000000000000000000000000000000000000000C8
S32500C1F1800000000000000000000000000000000000000000000000000000000000000000A8
S32500C1F1A0000000000000000000000000000000000000000000000000000000000000000088
S32500C1F1C0000000000000000000000000000000000000000000000000000000000000000068
S32500C1F1E0000000000000000000000000000000000000000000000000000000000000000048
S32500C1F200000000000000000000000000000000000000000000000000000000000000000027
S32500C1F220000000000000000000000000000000000000000000000000000000000000000007
S32500C1F2400000000000000000000000000000000000000000000000000000000000000000E7
S32500C1F2600000000000000000000000000000000000000000000000000000000000000000C7
S32500C1F2800000000000000000000000000000000000000000000000000000000000000000A7
S32500C1F2A0000000000000000000000000000000000000000000000000000000000000000087
S32500C1F2C0000000000000000000000000000000000000000000000000000000000000000067
S32500C1F2E0000000000000000000000000000000000000000000000000000000000000000047
S32500C1F300000000000000000000000000000000000000000000000000000000000000000026
S32500C1F320000000000000000000000000000000000000000000000000000000000000000006
S32500C1F3400000000000000000000000000000000000000000000000000000000000000000E6
S32500C1F3600000000000000000000000000000000000000000000000000000000000000000C6
S32500C1F3800000000000000000000000000000000000000000000000000000000000000000A6
S32500C1F3A0000000000000000000000000000000000000000000000000000000000000000086
S32500C1F3C0000000000000000000000000000000000000000000000000000000000000000066
S32500C1F3E0000000000000000000000000000000000000000000000000000000000000000046
S32500C1F400000000000000000000000000000000000000000000000000000000000000000025
S32500C1F420000000000000000000000000000000000000000000000000000000000000000005
S32500C1F4400000000000000000000000000000000000000000000000000000000000000000E5
S32500C1F4600000000000000000000000000000000000000000000000000000000000000000C5
S32500C1F4800000000000000000000000000000000000000000000000000000000000000000A5
S32500C1F4A0000000000000000000000000000000000000000000000000000000000000000085
S32500C1F4C0000000000000000000000000000000000000000000000000000000000000000065
S32500C1F4E0000000000000000000000000000000000000000000000000000000000000000045
S32500C1F500000000000000000000000000000000000000000000000000000000000000000024
S32500C1F520000000000000000000000000000000000000000000000000000000000000000004
S32500C1F5400000000000000000000000000000000000000000000000000000000000000000E4
S32500C1F5600000000000000000000000000000000000000000000000000000000000000000C4
S32500C1F5800000000000000000000000000000000000000000000000000000000000000000A4
S32500C1F5A0000000000000000000000000000000000000000000000000000000000000000084
S32500C1F5C0000000000000000000000000000000000000000000000000000000000000000064
S32500C1F5E0000000000000000000000000000000000000000000000000000000000000000044
S32500C1F600000000000000000000000000000000000000000000000000000000000000000023
S32500C1F620000000000000000000000000000000000000000000000000000000000000000003
S32500C1F6400000000000000000000000000000000000000000000000000000000000000000E3
S32500C1F6600000000000000000000000000000000000000000000000000000000000000000C3
S32500C1F6800000000000000000000000000000000000000000000000000000000000000000A3
S32500C1F6A0000000000000000000000000000000000000000000000000000000000000000083
S32500C1F6C0000000000000000000000000000000000000000000000000000000000000000063
S32500C1F6E0000000000000000000000000000000000000000000000000000000000000000043
S32500C1F700000000000000000000000000000000000000000000000000000000000000000022
S32500C1F720000000000000000000000000000000000000000000000000000000000000000002
S32500C1F7400000000000000000000000000000000000000000000000000000000000000000E2
S32500C1F7600000000000000000000000000000000000000000000000000000000000000000C2
S32500C1F7800000000000000000000000000000000000000000000000000000000000000000A2
S32500C1F7A0000000000000000000000000000000000000000000000000000000000000000082
S32500C1F7C0000000000000000000000000000000000000000000000000000000000000000062
S32500C1F7E00000CE41C2000000D641C2000000DE41C2000000E641C2000000EE41C2000000DD
S32500C1F800F641C2000000FE41C20000000642C20000000040C20000000640C20000000C40C7
S32500C1F820C20000001240C20000001840C20000001E40C20000002440C20000002A40C2009F
S32500C1F84000007840C20000008240C20000008C40C20000009640C2000000A040C20000001B
S32500C1F860AA40C2000000B440C2000000BE40C20000002641C20000002E41C20000003641CE
S32500C1F880C20000003E41C20000004641C20000004E41C20000005641C20000005E41C2004A
S32500C1F8A000008641C20000009841C2000000AA41C2000000BC41C20000005040C20000009F
S32500C1F8C05440C2000000D040C2000000D440C2000000D840C2000000DC40C2000000E0408B
S32500C1F8E0C2000000E440C2000000E840C2000000EC40C20000006641C20000006E41C200E7
S32500C1F90000007641C20000007E41C20000005C40C20000005840C2000000F040C20000007C
S32500C1F9207040C20000007440C20000003443C20000003643C20000003843C2000000000067
S32500C1F9400000000000000000000000000000000000000000000000000000000000000000E0
S32500C1F960000000000000000000000000000000000000FFFFFFFFFFFFFFFFFFFFFFFFFFFFCE
S32500C1F980FFFF000000000000000000000000000000000000000000000000000000000000A2
S32500C1F9A0000000000000000000000000000000000000000000000000000000000000000080
S32500C1F9C0000000000000000000000000000000000000000000000000000000000000000060
S32500C1F9E0000000000000000000000000000000000000000000000000000000000000000040
S32500C1FA000000000000000000000000000000000000000000000000000000000012121212D7
S32500C1FA200202020200000000020202020000000000000000000000000000000000000000EF
S32500C1FA400000000000000000000000000000000000000000000000000000000000000000DF
S32500C1FA600000000000000000000000000000000000000000000000000000000000000000BF
S32500C1FA8000000000000000000000000000000000000000000000000000000000000000009F
S32500C1FAA000000000000000000000000000000000000000000000000000000000000000007F
S32500C1FAC000000000000000000000000000000000000000000000000000000000000000005F
S32500C1FAE000000000000200000000000000000000000000000000000000000000000000003D
S32500C1FB0000000000000000000000000000000000000000000000000000000000000000001E
S32500C1FB200000000000000000000000000000000000000000000000000000000000000000FE
S32500C1FB400000000000000000000000000000000000000000000000000000000000000000DE
S32500C1FB600000000000000000000000000000000000000000000000000000000101010101B9
S32500C1FB8001010100000000000000000000000000000000000000000000000000000000009B
S32500C1FBA000000000000000000000000000000000000000000000000000000000000000007E
S32500C1FBC000000000000000000000000000000000FFFFFFFFFFFFFFFFFFFFFFFFFFFFFFFF6E
S32500C1FBE000000000000000000000000000000000000000000000000000000000000000003E
S32500C1FC0000000000000000000000000000000000000000000000000000000000000000001D
S32500C1FC200000000000000000000000000000000000000000000000000000000000000000FD
S32500C1FC400000000000000000000000000000000000000000000000000000000000000000DD
S32500C1FC600000000000000000000000000000000000000000000000000000000000000000BD
S32500C1FC8000000000000000000000000000000000000000000000000000000000000000009D
S32500C1FCA000000000000000000000000000000000000000000000000000000000000000007D
S32500C1FCC000000000000000000000000000000000000000000000000000000000000000005D
S32500C1FCE000000000000000000000000000000000000000000000000000000000000000003D
S32500C1FD0000000000000000000000000000000000000000000000000000000000000000001C
S32500C1FD200000000000000000000000000000000000000000000000000000000000000000FC
S32500C1FD400000000000000000000000000000000000000000000000000000000000000000DC
S32500C1FD6000000000000000020000000000000000FF000000000000000000FF0000000000BC
S32500C1FD8000000000FF000000000000000000FF00000000000000000000000000000000009E
S32500C1FDA000000000000000000000000000000000000000000000000000000000000000007C
S32500C1FDC000000000000000000000000000000000000000000000000000000000000000005C
S32500C1FDE000000000000000000000000000000000000000000000000000000000000000003C
S32500C1FE0000000000000001000000000000000000010700A00000E8FDC100080000000207BB
S32500C1FE2008A000000000000010000000010718A00000D2FDC1000A000000010722A000001F
S32500C1FE40A2FDC1001800000001073AA00000C6FDC1000C000000010746A0000090FDC100B5
S32500C1FE6012000000020758A00000000000001400000001076CA0000068FDC1002800000032
S32500C1FE80010794A0000034FDC100340000000207C8A00000000000003C000000010704A1DF
S32500C1FEA0000034FCC10000010000010704A20000E0FBC10054000000010758A2000078FB76
S32500C1FEC0C100680000000107C0A2000008FBC10070000000010730A3000090FAC1007800F6
S32500C1FEE000000207A8A300000000000080000000010728A4000072F9C1001E010000010740
S32500C1FF0046A50000E0F7C100920100000107D8A60000E0F5C100000200000107D8A800005E
S32500C1FF20C2EFC1001E0600000207F6AE000000000000010000000107F7AE0000F2FDC10059
S32500C1FF401600000001070DAF0000E4FDC10004000000010711AF0000DCFDC10008000000F0
S32500C1FF60010719AF0000BAFDC1000C00000002070040E00000000000F80000000107F84005
S32500C1FF80E000F0FDC100020000000107FA40E00008FEC1000700000000001F618A5CBB58A1
S32500C1FFA07B559D5200508A4D294BD04877461C44BC41583FF33C8D3A2B38CD3576332431FE
S32500C1FFC0D82E912C4A2A0128B2255923F3207F1EFB1B6C19D8164A14D4118F0F0000F40198
S32500C1FFE0F02BE8037B58DC051785D007F4B1C409B0DEB80BFFFF250D010001010102010310
S32500C20000FAC1ACCEFAC20400FAC10CE3FAC20C00FAC192DCFAC21400FAC1F2DCFAC21C0057
S32500C20020FAC14CE3FAC22400FAC1FEDFFAC22C00FAC23000FAC23400FAC23800FAC23C00E6
S32500C20040FAC24000FAC24400FAC24800FAC24C00FAC25000FAC25400FAC154D8FAC1C8D872
S32500C20060FAC26000FAC26400FAC162E6FAC198E6FAC13CD9FAC1B0D9FAC1CEE6FAC104E717
S32500C20080FAC144E5FAC17EE5FAC1B8E5FAC1F2E5FAC1B0DFFAC29400FAC29800FAC29C0066
S32500C200A0FAC1C29AFAC2A400FAC2A800FAC2AC00FAC1009DFAC2B400FAC2B800FAC2BC0081
S32500C200C0FAC2C000FAC1A2E7FAC1D4E7FAC118BCFAC2D000FAC2D400FAC2D800FAC11ABD51
S32500C200E0FAC106E8FAC138E8FAC16AE8FAC11CBEFAC19CE8FAC1CEE8FAC100E9FAC11EBF26
S32500C20100FAC20001FAC20401FAC20801FAC20C01FAC21001FAC21401FAC21801FAC21C01BF
S32500C20120FAC22001FAC22401FAC22801FAC22C01FAC23001FAC23401FAC23801FAC23C019F
S32500C20140FAC24001FAC24401FAC24801FAC24C01FAC25001FAC25401FAC25801FAC25C017F
S32500C20160FAC26001FAC26401FAC26801FAC26C01FAC27001FAC27401FAC27801FAC27C015F
S32500C20180FAC28001FAC28401FAC28801FAC28C01FAC29001FAC29401FAC29801FAC29C013F
S32500C201A0FAC2A001FAC2A401FAC2A801FAC2AC01FAC2B001FAC2B401FAC2B801FAC2BC011F
S32500C201C0000000000000000000000000000000000000000000000000000000000000000057
S32500C201E0000000000000000000000000000000000000000000000000000000000000000037
S32500C20200000000000000000000000000000000000000000000000000000000000000000016
S32500C202200000000000000000000000000000000000000000000000000000000000000000F6
S32500C202400000000000000000000000000000000000000000000000000000000000000000D6
S32500C202600000000000000000000000000000000000000000000000000000000000000000B6
S32500C20280000000000000000000000000000000000000000000000000000000000000000096
S32500C202A0000000000000000000000000000000000000000000000000000000000000000076
S32500C202C0000000000000000000000000000000000000000000000000000000000000000056
S32500C202E0000000000000000000000000000000000000000000000000000000000000000036
S32500C20300000000000000000000000000000000000000000000000000000000000000000015
S32500C203200000000000000000000000000000000000000000000000000000000000000000F5
S32500C203400000000000000000000000000000000000000000000000000000000000000000D5
S32500C203600000000000000000000000000000000000000000000000000000000000000000B5
S32500C20380000000000000000000000000000000000000000000000000000000000000000095
S32500C203A0000000000000000000000000000000000000000000000000000000000000000075
S32500C203C0000000000000000000000000000000000000000000000000000000000000000055
S32500C203E0000000000000000000000000000000000000000000000000000000000000000035
S32500C20400000000000000000000000000000000000000000000000000000000000000000014
S32500C204200000000000000000000000000000000000000000000000000000000000000000F4
S32500C204400000000000000000000000000000000000000000000000000000000000000000D4
S32500C204600000000000000000000000000000000000000000000000000000000000000000B4
S32500C20480000000000000000000000000000000000000000000000000000000000000000094
S32500C204A0000000000000000000000000000000000000000000000000000000000000000074
S32500C204C0000000000000000000000000000000000000000000000000000000000000000054
S32500C204E0000000000000000000000000000000000000000000000000000000000000000034
S32500C20500000000000000000000000000000000000000000000000000000000000000000013
S32500C205200000000000000000000000000000000000000000000000000000000000000000F3
S32500C205400000000000000000000000000000000000000000000000000000000000000000D3
S32500C205600000000000000000000000000000000000000000000000000000000000000000B3
S32500C20580000000000000000000000000000000000000000000000000000000000000000093
S32500C205A0000000000000000000000000000000000000000000000000000000000000000073
S32500C205C0000000000000000000000000000000000000000000000000000000000000000053
S32500C205E0000000000000000000000000000000000000000000000000000000000000000033
S32500C20600000000000000000000000000000000000000000000000000000000000000000012
S32500C206200000000000000000000000000000000000000000000000000000000000000000F2
S32500C206400000000000000000000000000000000000000000000000000000000000000000D2
S32500C206600000000000000000000000000000000000000000000000000000000000000000B2
S32500C20680000000000000000000000000000000000000000000000000000000000000000092
S32500C206A0000000000000000000000000000000000000000000000000000000000000000072
S32500C206C0000000000000000000000000000000000000000000000000000000000000000052
S32500C206E0000000000000000000000000000000000000000000000000000000000000000032
S32500C20700000000000000000000000000000000000000000000000000000000000000000011
S32500C207200000000000000000000000000000000000000000000000000000000000000000F1
S32500C207400000000000000000000000000000000000000000000000000000000000000000D1
S32500C207600000000000000000000000000000000000000000000000000000000000000000B1
S32500C20780000000000000000000000000000000000000000000000000000000000000000091
S32500C207A0000000000000000000000000000000000000000000000000000000000000000071
S32500C207C0000000000000000000000000000000000000000000000000000000000000000051
S32500C207E0000000000000000000000000000000000000000000000000000000000000000031
S32500C20800000000000000000000000000000000000000000000000000000000000000000010
S32500C208200000000000000000000000000000000000000000000000000000000000000000F0
S32500C208400000000000000000000000000000000000000000000000000000000000000000D0
S32500C208600000000000000000000000000000000000000000000000000000000000000000B0
S32500C20880000000000000000000000000000000000000000000000000000000000000000090
S32500C208A0000000000000000000000000000000000000000000000000000000000000000070
S32500C208C0000000000000000000000000000000000000000000000000000000000000000050
S32500C208E0000000000000000000000000000000000000000000000000000000000000000030
S32500C2090000000000000000000000000000000000000000000000000000000000000000000F
S32500C209200000000000000000000000000000000000000000000000000000000000000000EF
S32500C209400000000000000000000000000000000000000000000000000000000000000000CF
S32500C209600000000000000000000000000000000000000000000000000000000000000000AF
S32500C2098000000000000000000000000000000000000000000000000000000000000000008F
S32500C209A000000000000000000000000000000000000000000000000000000000000000006F
S32500C209C000000000000000000000000000000000000000000000000000000000000000004F
S32500C209E000000000000000000000000000000000000000000000000000000000000000002F
S32500C20A0000000000000000000000000000000000000000000000000000000000000000000E
S32500C20A200000000000000000000000000000000000000000000000000000000000000000EE
S32500C20A400000000000000000000000000000000000000000000000000000000000000000CE
S32500C20A600000000000000000000000000000000000000000000000000000000000000000AE
S32500C20A8000000000000000000000000000000000000000000000000000000000000000008E
S32500C20AA000000000000000000000000000000000000000000000000000000000000000006E
S32500C20AC000000000000000000000000000000000000000000000000000000000000000004E
S32500C20AE000000000000000000000000000000000000000000000000000000000000000002E
S32500C20B0000000000000000000000000000000000000000000000000000000000000000000D
S32500C20B200000000000000000000000000000000000000000000000000000000000000000ED
S32500C20B400000000000000000000000000000000000000000000000000000000000000000CD
S32500C20B600000000000000000000000000000000000000000000000000000000000000000AD
S32500C20B8000000000000000000000000000000000000000000000000000000000000000008D
S32500C20BA000000000000000000000000000000000000000000000000000000000000000006D
S32500C20BC000000000000000000000000000000000000000000000000000000000000000004D
S32500C20BE000000000000000000000000000000000000000000000000000000000000000002D
S32500C20C0000000000000000000000000000000000000000000000000000000000000000000C
S32500C20C200000000000000000000000000000000000000000000000000000000000000000EC
S32500C20C400000000000000000000000000000000000000000000000000000000000000000CC
S32500C20C600000000000000000000000000000000000000000000000000000000000000000AC
S32500C20C8000000000000000000000000000000000000000000000000000000000000000008C
S32500C20CA000000000000000000000000000000000000000000000000000000000000000006C
S32500C20CC000000000000000000000000000000000000000000000000000000000000000004C
S32500C20CE000000000000000000000000000000000000000000000000000000000000000002C
S32500C20D0000000000000000000000000000000000000000000000000000000000000000000B
S32500C20D200000000000000000000000000000000000000000000000000000000000000000EB
S32500C20D400000000000000000000000000000000000000000000000000000000000000000CB
S32500C20D600000000000000000000000000000000000000000000000000000000000000000AB
S32500C20D8000000000000000000000000000000000000000000000000000000000000000008B
S32500C20DA000000000000000000000000000000000000000000000000000000000000000006B
S32500C20DC000000000000000000000000000000000000000000000000000000000000000004B
S32500C20DE000000000000000000000000000000000000000000000000000000000000000002B
S32500C20E0000000000000000000000000000000000000000000000000000000000000000000A
S32500C20E200000000000000000000000000000000000000000000000000000000000000000EA
S32500C20E400000000000000000000000000000000000000000000000000000000000000000CA
S32500C20E600000000000000000000000000000000000000000000000000000000000000000AA
S32500C20E8000000000000000000000000000000000000000000000000000000000000000008A
S32500C20EA000000000000000000000000000000000000000000000000000000000000000006A
S32500C20EC000000000000000000000000000000000000000000000000000000000000000004A
S32500C20EE000000000000000000000000000000000000000000000000000000000000000002A
S32500C20F00000000000000000000000000000000000000000000000000000000000000000009
S32500C20F200000000000000000000000000000000000000000000000000000000000000000E9
S32500C20F400000000000000000000000000000000000000000000000000000000000000000C9
S32500C20F600000000000000000000000000000000000000000000000000000000000000000A9
S32500C20F80000000000000000000000000000000000000000000000000000000000000000089
S32500C20FA0000000000000000000000000000000000000000000000000000000000000000069
S32500C20FC0000000000000000000000000000000000000000000000000000000000000000049
S32500C20FE0000000000000000000000000000000000000000000000000000000000000000029
S32500C21000000000000000000000000000000000000000000000000000000000000000000008
S32500C210200000000000000000000000000000000000000000000000000000000000000000E8
S32500C210400000000000000000000000000000000000000000000000000000000000000000C8
S32500C210600000000000000000000000000000000000000000000000000000000000000000A8
S32500C21080000000000000000000000000000000000000000000000000000000000000000088
S32500C210A0000000000000000000000000000000000000000000000000000000000000000068
S32500C210C0000000000000000000000000000000000000000000000000000000000000000048
S32500C210E0000000000000000000000000000000000000000000000000000000000000000028
S32500C21100000000000000000000000000000000000000000000000000000000000000000007
S32500C211200000000000000000000000000000000000000000000000000000000000000000E7
S32500C211400000000000000000000000000000000000000000000000000000000000000000C7
S32500C211600000000000000000000000000000000000000000000000000000000000000000A7
S32500C21180000000000000000000000000000000000000000000000000000000000000000087
S32500C211A0000000000000000000000000000000000000000000000000000000000000000067
S32500C211C0000000000000000000000000000000000000000000000000000000000000000047
S32500C211E0000000000000000000000000000000000000000000000000000000000000000027
S32500C21200000000000000000000000000000000000000000000000000000000000000000006
S32500C212200000000000000000000000000000000000000000000000000000000000000000E6
S32500C212400000000000000000000000000000000000000000000000000000000000000000C6
S32500C212600000000000000000000000000000000000000000000000000000000000000000A6
S32500C21280000000000000000000000000000000000000000000000000000000000000000086
S32500C212A0000000000000000000000000000000000000000000000000000000000000000066
S32500C212C0000000000000000000000000000000000000000000000000000000000000000046
S32500C212E0000000000000000000000000000000000000000000000000000000000000000026
S32500C21300000000000000000000000000000000000000000000000000000000000000000005
S32500C213200000000000000000000000000000000000000000000000000000000000000000E5
S32500C213400000000000000000000000000000000000000000000000000000000000000000C5
S32500C213600000000000000000000000000000000000000000000000000000000000000000A5
S32500C21380000000000000000000000000000000000000000000000000000000000000000085
S32500C213A0000000000000000000000000000000000000000000000000000000000000000065
S32500C213C0000000000000000000000000000000000000000000000000000000000000000045
S32500C213E0000000000000000000000000000000000000000000000000000000000000000025
S32500C21400000000000000000000000000000000000000000000000000000000000000000004
S32500C214200000000000000000000000000000000000000000000000000000000000000000E4
S32500C214400000000000000000000000000000000000000000000000000000000000000000C4
S32500C214600000000000000000000000000000000000000000000000000000000000000000A4
S32500C21480000000000000000000000000000000000000000000000000000000000000000084
S32500C214A0000000000000000000000000000000000000000000000000000000000000000064
S32500C214C0000000000000000000000000000000000000000000000000000000000000000044
S32500C214E0000000000000000000000000000000000000000000000000000000000000000024
S32500C21500000000000000000000000000000000000000000000000000000000000000000003
S32500C215200000000000000000000000000000000000000000000000000000000000000000E3
S32500C215400000000000000000000000000000000000000000000000000000000000000000C3
S32500C215600000000000000000000000000000000000000000000000000000000000000000A3
S32500C21580000000000000000000000000000000000000000000000000000000000000000083
S32500C215A0000000000000000000000000000000000000000000000000000000000000000063
S32500C215C0000000000000000000000000000000000000000000000000000000000000000043
S32500C215E0000000000000000000000000000000000000000000000000000000000000000023
S32500C21600000000000000000000000000000000000000000000000000000000000000000002
S32500C216200000000000000000000000000000000000000000000000000000000000000000E2
S32500C216400000000000000000000000000000000000000000000000000000000000000000C2
S32500C216600000000000000000000000000000000000000000000000000000000000000000A2
S32500C21680000000000000000000000000000000000000000000000000000000000000000082
S32500C216A0000000000000000000000000000000000000000000000000000000000000000062
S32500C216C0000000000000000000000000000000000000000000000000000000000000000042
S32500C216E0000000000000000000000000000000000000000000000000000000000000000022
S32500C21700000000000000000000000000000000000000000000000000000000000000000001
S32500C217200000000000000000000000000000000000000000000000000000000000000000E1
S32500C217400000000000000000000000000000000000000000000000000000000000000000C1
S32500C217600000000000000000000000000000000000000000000000000000000000000000A1
S32500C21780000000000000000000000000000000000000000000000000000000000000000081
S32500C217A0000000000000000000000000000000000000000000000000000000000000000061
S32500C217C0000000000000000000000000000000000000000000000000000000000000000041
S32500C217E0000000000000000000000000000000000000000000000000000000000000000021
S32500C21800000000000000000000000000000000000000000000000000000000000000000000
S32500C218200000000000000000000000000000000000000000000000000000000000000000E0
S32500C218400000000000000000000000000000000000000000000000000000000000000000C0
S32500C218600000000000000000000000000000000000000000000000000000000000000000A0
S32500C21880000000000000000000000000000000000000000000000000000000000000000080
S32500C218A0000000000000000000000000000000000000000000000000000000000000000060
S32500C218C0000000000000000000000000000000000000000000000000000000000000000040
S32500C218E0000000000000000000000000000000000000000000000000000000000000000020
S32500C219000000000000000000000000000000000000000000000000000000000000000000FF
S32500C219200000000000000000000000000000000000000000000000000000000000000000DF
S32500C219400000000000000000000000000000000000000000000000000000000000000000BF
S32500C2196000000000000000000000000000000000000000000000000000000000000000009F
S32500C2198000000000000000000000000000000000000000000000000000000000000000007F
S32500C219A000000000000000000000000000000000000000000000000000000000000000005F
S32500C219C000000000000000000000000000000000000000000000000000000000000000003F
S32500C219E000000000000000000000000000000000000000000000000000000000000000001F
S32500C21A000000000000000000000000000000000000000000000000000000000000000000FE
S32500C21A200000000000000000000000000000000000000000000000000000000000000000DE
S32500C21A400000000000000000000000000000000000000000000000000000000000000000BE
S32500C21A6000000000000000000000000000000000000000000000000000000000000000009E
S32500C21A8000000000000000000000000000000000000000000000000000000000000000007E
S32500C21AA000000000000000000000000000000000000000000000000000000000000000005E
S32500C21AC000000000000000000000000000000000000000000000000000000000000000003E
S32500C21AE000000000000000000000000000000000000000000000000000000000000000001E
S32500C21B000000000000000000000000000000000000000000000000000000000000000000FD
S32500C21B200000000000000000000000000000000000000000000000000000000000000000DD
S32500C21B400000000000000000000000000000000000000000000000000000000000000000BD
S32500C21B6000000000000000000000000000000000000000000000000000000000000000009D
S32500C21B8000000000000000000000000000000000000000000000000000000000000000007D
S32500C21BA000000000000000000000000000000000000000000000000000000000000000005D
S32500C21BC000000000000000000000000000000000000000000000000000000000000000003D
S32500C21BE000000000000000000000000000000000000000000000000000000000000000001D
S32500C21C000000000000000000000000000000000000000000000000000000000000000000FC
S32500C21C200000000000000000000000000000000000000000000000000000000000000000DC
S32500C21C400000000000000000000000000000000000000000000000000000000000000000BC
S32500C21C6000000000000000000000000000000000000000000000000000000000000000009C
S32500C21C8000000000000000000000000000000000000000000000000000000000000000007C
S32500C21CA000000000000000000000000000000000000000000000000000000000000000005C
S32500C21CC000000000000000000000000000000000000000000000000000000000000000003C
S32500C21CE000000000000000000000000000000000000000000000000000000000000000001C
S32500C21D000000000000000000000000000000000000000000000000000000000000000000FB
S32500C21D200000000000000000000000000000000000000000000000000000000000000000DB
S32500C21D400000000000000000000000000000000000000000000000000000000000000000BB
S32500C21D6000000000000000000000000000000000000000000000000000000000000000009B
S32500C21D8000000000000000000000000000000000000000000000000000000000000000007B
S32500C21DA000000000000000000000000000000000000000000000000000000000000000005B
S32500C21DC000000000000000000000000000000000000000000000000000000000000000003B
S32500C21DE000000000000000000000000000000000000000000000000000000000000000001B
S32500C21E000000000000000000000000000000000000000000000000000000000000000000FA
S32500C21E200000000000000000000000000000000000000000000000000000000000000000DA
S32500C21E400000000000000000000000000000000000000000000000000000000000000000BA
S32500C21E6000000000000000000000000000000000000000000000000000000000000000009A
S32500C21E8000000000000000000000000000000000000000000000000000000000000000007A
S32500C21EA000000000000000000000000000000000000000000000000000000000000000005A
S32500C21EC000000000000000000000000000000000000000000000000000000000000000003A
S32500C21EE000000000000000000000000000000000000000000000000000000000000000001A
S32500C21F000000000000000000000000000000000000000000000000000000000000000000F9
S32500C21F200000000000000000000000000000000000000000000000000000000000000000D9
S32500C21F400000000000000000000000000000000000000000000000000000000000000000B9
S32500C21F60000000000000000000000000000000000000000000000000000000000000000099
S32500C21F80000000000000000000000000000000000000000000000000000000000000000079
S32500C21FA0000000000000000000000000000000000000000000000000000000000000000059
S32500C21FC0000000000000000000000000000000000000000000000000000000000000000039
S32500C21FE0000000000000000000000000000000000000000000000000000000000000000019
S32500C220000000000000000000000000000000000000000000000000000000000000000000F8
S32500C220200000000000000000000000000000000000000000000000000000000000000000D8
S32500C220400000000000000000000000000000000000000000000000000000000000000000B8
S32500C22060000000000000000000000000000000000000000000000000000000000000000098
S32500C22080000000000000000000000000000000000000000000000000000000000000000078
S32500C220A0000000000000000000000000000000000000000000000000000000000000000058
S32500C220C0000000000000000000000000000000000000000000000000000000000000000038
S32500C220E0000000000000000000000000000000000000000000000000000000000000000018
S32500C221000000000000000000000000000000000000000000000000000000000000000000F7
S32500C221200000000000000000000000000000000000000000000000000000000000000000D7
S32500C221400000000000000000000000000000000000000000000000000000000000000000B7
S32500C22160000000000000000000000000000000000000000000000000000000000000000097
S32500C22180000000000000000000000000000000000000000000000000000000000000000077
S32500C221A0000000000000000000000000000000000000000000000000000000000000000057
S32500C221C0000000000000000000000000000000000000000000000000000000000000000037
S32500C221E0000000000000000000000000000000000000000000000000000000000000000017
S32500C222000000000000000000000000000000000000000000000000000000000000000000F6
S32500C222200000000000000000000000000000000000000000000000000000000000000000D6
S32500C222400000000000000000000000000000000000000000000000000000000000000000B6
S32500C22260000000000000000000000000000000000000000000000000000000000000000096
S32500C22280000000000000000000000000000000000000000000000000000000000000000076
S32500C222A0000000000000000000000000000000000000000000000000000000000000000056
S32500C222C0000000000000000000000000000000000000000000000000000000000000000036
S32500C222E0000000000000000000000000000000000000000000000000000000000000000016
S32500C223000000000000000000000000000000000000000000000000000000000000000000F5
S32500C223200000000000000000000000000000000000000000000000000000000000000000D5
S32500C223400000000000000000000000000000000000000000000000000000000000000000B5
S32500C22360000000000000000000000000000000000000000000000000000000000000000095
S32500C22380000000000000000000000000000000000000000000000000000000000000000075
S32500C223A0000000000000000000000000000000000000000000000000000000000000000055
S32500C223C0000000000000000000000000000000000000000000000000000000000000000035
S32500C223E0000000000000000000000000000000000000000000000000000000000000000015
S32500C224000000000000000000000000000000000000000000000000000000000000000000F4
S32500C224200000000000000000000000000000000000000000000000000000000000000000D4
S32500C224400000000000000000000000000000000000000000000000000000000000000000B4
S32500C22460000000000000000000000000000000000000000000000000000000000000000094
S32500C22480000000000000000000000000000000000000000000000000000000000000000074
S32500C224A0000000000000000000000000000000000000000000000000000000000000000054
S32500C224C0000000000000000000000000000000000000000000000000000000000000000034
S32500C224E0000000000000000000000000000000000000000000000000000000000000000014
S32500C225000000000000000000000000000000000000000000000000000000000000000000F3
S32500C225200000000000000000000000000000000000000000000000000000000000000000D3
S32500C225400000000000000000000000000000000000000000000000000000000000000000B3
S32500C22560000000000000000000000000000000000000000000000000000000000000000093
S32500C22580000000000000000000000000000000000000000000000000000000000000000073
S32500C225A0000000000000000000000000000000000000000000000000000000000000000053
S32500C225C0000000000000000000000000000000000000000000000000000000000000000033
S32500C225E0000000000000000000000000000000000000000000000000000000000000000013
S32500C226000000000000000000000000000000000000000000000000000000000000000000F2
S32500C226200000000000000000000000000000000000000000000000000000000000000000D2
S32500C226400000000000000000000000000000000000000000000000000000000000000000B2
S32500C22660000000000000000000000000000000000000000000000000000000000000000092
S32500C22680000000000000000000000000000000000000000000000000000000000000000072
S32500C226A0000000000000000000000000000000000000000000000000000000000000000052
S32500C226C0000000000000000000000000000000000000000000000000000000000000000032
S32500C226E0000000000000000000000000000000000000000000000000000000000000000012
S32500C227000000000000000000000000000000000000000000000000000000000000000000F1
S32500C227200000000000000000000000000000000000000000000000000000000000000000D1
S32500C227400000000000000000000000000000000000000000000000000000000000000000B1
S32500C22760000000000000000000000000000000000000000000000000000000000000000091
S32500C22780000000000000000000000000000000000000000000000000000000000000000071
S32500C227A0000000000000000000000000000000000000000000000000000000000000000051
S32500C227C0000000000000000000000000000000000000000000000000000000000000000031
S32500C227E0000000000000000000000000000000000000000000000000000000000000000011
S32500C228000000000000000000000000000000000000000000000000000000000000000000F0
S32500C228200000000000000000000000000000000000000000000000000000000000000000D0
S32500C228400000000000000000000000000000000000000000000000000000000000000000B0
S32500C22860000000000000000000000000000000000000000000000000000000000000000090
S32500C22880000000000000000000000000000000000000000000000000000000000000000070
S32500C228A0000000000000000000000000000000000000000000000000000000000000000050
S32500C228C0000000000000000000000000000000000000000000000000000000000000000030
S32500C228E0000000000000000000000000000000000000000000000000000000000000000010
S32500C229000000000000000000000000000000000000000000000000000000000000000000EF
S32500C229200000000000000000000000000000000000000000000000000000000000000000CF
S32500C229400000000000000000000000000000000000000000000000000000000000000000AF
S32500C2296000000000000000000000000000000000000000000000000000000000000000008F
S32500C2298000000000000000000000000000000000000000000000000000000000000000006F
S32500C229A000000000000000000000000000000000000000000000000000000000000000004F
S32500C229C000000000000000000000000000000000000000000000000000000000000000002F
S32500C229E000000000000000000000000000000000000000000000000000000000000000000F
S32500C22A000000000000000000000000000000000000000000000000000000000000000000EE
S32500C22A200000000000000000000000000000000000000000000000000000000000000000CE
S32500C22A400000000000000000000000000000000000000000000000000000000000000000AE
S32500C22A6000000000000000000000000000000000000000000000000000000000000000008E
S32500C22A8000000000000000000000000000000000000000000000000000000000000000006E
S32500C22AA000000000000000000000000000000000000000000000000000000000000000004E
S32500C22AC000000000000000000000000000000000000000000000000000000000000000002E
S32500C22AE000000000000000000000000000000000000000000000000000000000000000000E
S32500C22B000000000000000000000000000000000000000000000000000000000000000000ED
S32500C22B200000000000000000000000000000000000000000000000000000000000000000CD
S32500C22B400000000000000000000000000000000000000000000000000000000000000000AD
S32500C22B6000000000000000000000000000000000000000000000000000000000000000008D
S32500C22B8000000000000000000000000000000000000000000000000000000000000000006D
S32500C22BA000000000000000000000000000000000000000000000000000000000000000004D
S32500C22BC000000000000000000000000000000000000000000000000000000000000000002D
S32500C22BE000000000000000000000000000000000000000000000000000000000000000000D
S32500C22C000000000000000000000000000000000000000000000000000000000000000000EC
S32500C22C200000000000000000000000000000000000000000000000000000000000000000CC
S32500C22C400000000000000000000000000000000000000000000000000000000000000000AC
S32500C22C6000000000000000000000000000000000000000000000000000000000000000008C
S32500C22C8000000000000000000000000000000000000000000000000000000000000000006C
S32500C22CA000000000000000000000000000000000000000000000000000000000000000004C
S32500C22CC000000000000000000000000000000000000000000000000000000000000000002C
S32500C22CE000000000000000000000000000000000000000000000000000000000000000000C
S32500C22D000000000000000000000000000000000000000000000000000000000000000000EB
S32500C22D200000000000000000000000000000000000000000000000000000000000000000CB
S32500C22D400000000000000000000000000000000000000000000000000000000000000000AB
S32500C22D6000000000000000000000000000000000000000000000000000000000000000008B
S32500C22D8000000000000000000000000000000000000000000000000000000000000000006B
S32500C22DA000000000000000000000000000000000000000000000000000000000000000004B
S32500C22DC000000000000000000000000000000000000000000000000000000000000000002B
S32500C22DE000000000000000000000000000000000000000000000000000000000000000000B
S32500C22E000000000000000000000000000000000000000000000000000000000000000000EA
S32500C22E200000000000000000000000000000000000000000000000000000000000000000CA
S32500C22E400000000000000000000000000000000000000000000000000000000000000000AA
S32500C22E6000000000000000000000000000000000000000000000000000000000000000008A
S32500C22E8000000000000000000000000000000000000000000000000000000000000000006A
S32500C22EA000000000000000000000000000000000000000000000000000000000000000004A
S32500C22EC000000000000000000000000000000000000000000000000000000000000000002A
S32500C22EE000000000000000000000000000000000000000000000000000000000000000000A
S32500C22F000000000000000000000000000000000000000000000000000000000000000000E9
S32500C22F200000000000000000000000000000000000000000000000000000000000000000C9
S32500C22F400000000000000000000000000000000000000000000000000000000000000000A9
S32500C22F60000000000000000000000000000000000000000000000000000000000000000089
S32500C22F80000000000000000000000000000000000000000000000000000000000000000069
S32500C22FA0000000000000000000000000000000000000000000000000000000000000000049
S32500C22FC0000000000000000000000000000000000000000000000000000000000000000029
S32500C22FE0000000000000000000000000000000000000000000000000000000000000000009
S32500C230000000000000000000000000000000000000000000000000000000000000000000E8
S32500C230200000000000000000000000000000000000000000000000000000000000000000C8
S32500C230400000000000000000000000000000000000000000000000000000000000000000A8
S32500C23060000000000000000000000000000000000000000000000000000000000000000088
S32500C23080000000000000000000000000000000000000000000000000000000000000000068
S32500C230A0000000000000000000000000000000000000000000000000000000000000000048
S32500C230C0000000000000000000000000000000000000000000000000000000000000000028
S32500C230E0000000000000000000000000000000000000000000000000000000000000000008
S32500C231000000000000000000000000000000000000000000000000000000000000000000E7
S32500C231200000000000000000000000000000000000000000000000000000000000000000C7
S32500C231400000000000000000000000000000000000000000000000000000000000000000A7
S32500C23160000000000000000000000000000000000000000000000000000000000000000087
S32500C23180000000000000000000000000000000000000000000000000000000000000000067
S32500C231A0000000000000000000000000000000000000000000000000000000000000000047
S32500C231C0000000000000000000000000000000000000000000000000000000000000000027
S32500C231E0000000000000000000000000000000000000000000000000000000000000000007
S32500C232000000000000000000000000000000000000000000000000000000000000000000E6
S32500C232200000000000000000000000000000000000000000000000000000000000000000C6
S32500C232400000000000000000000000000000000000000000000000000000000000000000A6
S32500C23260000000000000000000000000000000000000000000000000000000000000000086
S32500C23280000000000000000000000000000000000000000000000000000000000000000066
S32500C232A0000000000000000000000000000000000000000000000000000000000000000046
S32500C232C0000000000000000000000000000000000000000000000000000000000000000026
S32500C232E0000000000000000000000000000000000000000000000000000000000000000006
S32500C233000000000000000000000000000000000000000000000000000000000000000000E5
S32500C233200000000000000000000000000000000000000000000000000000000000000000C5
S32500C233400000000000000000000000000000000000000000000000000000000000000000A5
S32500C23360000000000000000000000000000000000000000000000000000000000000000085
S32500C23380000000000000000000000000000000000000000000000000000000000000000065
S32500C233A0000000000000000000000000000000000000000000000000000000000000000045
S32500C233C0000000000000000000000000000000000000000000000000000000000000000025
S32500C233E0000000000000000000000000000000000000000000000000000000000000000005
S32500C234000000000000000000000000000000000000000000000000000000000000000000E4
S32500C234200000000000000000000000000000000000000000000000000000000000000000C4
S32500C234400000000000000000000000000000000000000000000000000000000000000000A4
S32500C23460000000000000000000000000000000000000000000000000000000000000000084
S32500C23480000000000000000000000000000000000000000000000000000000000000000064
S32500C234A0000000000000000000000000000000000000000000000000000000000000000044
S32500C234C0000000000000000000000000000000000000000000000000000000000000000024
S32500C234E0000000000000000000000000000000000000000000000000000000000000000004
S32500C235000000000000000000000000000000000000000000000000000000000000000000E3
S32500C235200000000000000000000000000000000000000000000000000000000000000000C3
S32500C235400000000000000000000000000000000000000000000000000000000000000000A3
S32500C23560000000000000000000000000000000000000000000000000000000000000000083
S32500C23580000000000000000000000000000000000000000000000000000000000000000063
S32500C235A0000000000000000000000000000000000000000000000000000000000000000043
S32500C235C0000000000000000000000000000000000000000000000000000000000000000023
S32500C235E0000000000000000000000000000000000000000000000000000000000000000003
S32500C236000000000000000000000000000000000000000000000000000000000000000000E2
S32500C236200000000000000000000000000000000000000000000000000000000000000000C2
S32500C236400000000000000000000000000000000000000000000000000000000000000000A2
S32500C23660000000000000000000000000000000000000000000000000000000000000000082
S32500C23680000000000000000000000000000000000000000000000000000000000000000062
S32500C236A0000000000000000000000000000000000000000000000000000000000000000042
S32500C236C0000000000000000000000000000000000000000000000000000000000000000022
S32500C236E0000000000000000000000000000000000000000000000000000000000000000002
S32500C237000000000000000000000000000000000000000000000000000000000000000000E1
S32500C237200000000000000000000000000000000000000000000000000000000000000000C1
S32500C237400000000000000000000000000000000000000000000000000000000000000000A1
S32500C23760000000000000000000000000000000000000000000000000000000000000000081
S32500C23780000000000000000000000000000000000000000000000000000000000000000061
S32500C237A0000000000000000000000000000000000000000000000000000000000000000041
S32500C237C0000000000000000000000000000000000000000000000000000000000000000021
S32500C237E0000000000000000000000000000000000000000000000000000000000000000001
S32500C238000000000000000000000000000000000000000000000000000000000000000000E0
S32500C238200000000000000000000000000000000000000000000000000000000000000000C0
S32500C238400000000000000000000000000000000000000000000000000000000000000000A0
S32500C23860000000000000000000000000000000000000000000000000000000000000000080
S32500C23880000000000000000000000000000000000000000000000000000000000000000060
S32500C238A0000000000000000000000000000000000000000000000000000000000000000040
S32500C238C0000000000000000000000000000000000000000000000000000000000000000020
S32500C238E0000000000000000000000000000000000000000000000000000000000000000000
S32500C239000000000000000000000000000000000000000000000000000000000000000000DF
S32500C239200000000000000000000000000000000000000000000000000000000000000000BF
S32500C2394000000000000000000000000000000000000000000000000000000000000000009F
S32500C2396000000000000000000000000000000000000000000000000000000000000000007F
S32500C2398000000000000000000000000000000000000000000000000000000000000000005F
S32500C239A000000000000000000000000000000000000000000000000000000000000000003F
S32500C239C000000000000000000000000000000000000000000000000000000000000000001F
S32500C239E00000000000000000000000000000000000000000000000000000000000000000FF
S32500C23A000000000000000000000000000000000000000000000000000000000000000000DE
S32500C23A200000000000000000000000000000000000000000000000000000000000000000BE
S32500C23A4000000000000000000000000000000000000000000000000000000000000000009E
S32500C23A6000000000000000000000000000000000000000000000000000000000000000007E
S32500C23A8000000000000000000000000000000000000000000000000000000000000000005E
S32500C23AA000000000000000000000000000000000000000000000000000000000000000003E
S32500C23AC000000000000000000000000000000000000000000000000000000000000000001E
S32500C23AE00000000000000000000000000000000000000000000000000000000000000000FE
S32500C23B000000000000000000000000000000000000000000000000000000000000000000DD
S32500C23B200000000000000000000000000000000000000000000000000000000000000000BD
S32500C23B4000000000000000000000000000000000000000000000000000000000000000009D
S32500C23B6000000000000000000000000000000000000000000000000000000000000000007D
S32500C23B8000000000000000000000000000000000000000000000000000000000000000005D
S32500C23BA000000000000000000000000000000000000000000000000000000000000000003D
S32500C23BC000000000000000000000000000000000000000000000000000000000000000001D
S32500C23BE00000000000000000000000000000000000000000000000000000000000000000FD
S32500C23C000000000000000000000000000000000000000000000000000000000000000000DC
S32500C23C200000000000000000000000000000000000000000000000000000000000000000BC
S32500C23C4000000000000000000000000000000000000000000000000000000000000000009C
S32500C23C6000000000000000000000000000000000000000000000000000000000000000007C
S32500C23C8000000000000000000000000000000000000000000000000000000000000000005C
S32500C23CA000000000000000000000000000000000000000000000000000000000000000003C
S32500C23CC000000000000000000000000000000000000000000000000000000000000000001C
S32500C23CE00000000000000000000000000000000000000000000000000000000000000000FC
S32500C23D000000000000000000000000000000000000000000000000000000000000000000DB
S32500C23D200000000000000000000000000000000000000000000000000000000000000000BB
S32500C23D4000000000000000000000000000000000000000000000000000000000000000009B
S32500C23D6000000000000000000000000000000000000000000000000000000000000000007B
S32500C23D8000000000000000000000000000000000000000000000000000000000000000005B
S32500C23DA000000000000000000000000000000000000000000000000000000000000000003B
S32500C23DC000000000000000000000000000000000000000000000000000000000000000001B
S32500C23DE00000000000000000000000000000000000000000000000000000000000000000FB
S32500C23E000000000000000000000000000000000000000000000000000000000000000000DA
S32500C23E200000000000000000000000000000000000000000000000000000000000000000BA
S32500C23E4000000000000000000000000000000000000000000000000000000000000000009A
S32500C23E6000000000000000000000000000000000000000000000000000000000000000007A
S32500C23E8000000000000000000000000000000000000000000000000000000000000000005A
S32500C23EA000000000000000000000000000000000000000000000000000000000000000003A
S32500C23EC000000000000000000000000000000000000000000000000000000000000000001A
S32500C23EE00000000000000000000000000000000000000000000000000000000000000000FA
S32500C23F000000000000000000000000000000000000000000000000000000000000000000D9
S32500C23F200000000000000000000000000000000000000000000000000000000000000000B9
S32500C23F40000000000000000000000000000000000000000000000000000000000000000099
S32500C23F60000000000000000000000000000000000000000000000000000000000000000079
S32500C23F80000000000000000000000000000000000000000000000000000000000000000059
S32500C23FA0000000000000000000000000000000000000000000000000000000000000000039
S32500C23FC0000000000000000000000000000000000000000000000000000000000000000019
S32500C23FE00000000000000000000000000000000000000000000000000000000000000000F9
S32500C24000000E0F020300000C0D020C01000A0B02300200080902C003000607000304000457
S32500C2402005000C0500020300300600000100C007010600000106010001060200010603007D
S32500C24040010604000106050001060600010607000104050001040600010506000104070039
S32500C2406001070200010703000107040001070500010505000105070001040109080100001A
S32500C24080000001040209040100000100010403090201000002000104040901010000030015
S32500C240A0010501091001010104000105020920010101050001050309400101010600010577
S32500C240C004098001010107000A040B050E060F07B0050300B1050C00B2053000B305C00060
S32500C240E0B4030300B5030C00100330001103C00097000000080100000802010008040200AA
S32500C241000808030008100400082005000840060008800700060108000602090006040A006A
S32500C2412006080B0021003040C200F440C2003440C200F840C2003840C200FC40C2003C4071
S32500C24140C2000041C2004040C2000441C2004440C2000841C2004840C2000C41C2004C4053
S32500C24160C2001041C200F8FFC1001441C200FAFFC1001841C200FCFFC1001C41C200FEFF26
S32500C24180C1002041C2006040C200C840C2000E42C20004C8024200016440C200CA40C200F2
S32500C241A01442C2000434014301016840C200CC40C2001A42C20007C8024602016C40C200C3
S32500C241C0CE40C2002042C200073401470301F442C200D442C200FC42C200D842C2000443A9
S32500C241E0C200DC42C2000C43C200E042C2001443C200E442C2001C43C200E842C2002443EB
S32500C24200C200EC42C2002C43C200F042C20004000CA60000040006A60000060018A60000D5
S32500C24220060012A600000800030008010301080203000F0300070F0200060F0100050F007F
S32500C2424000040C0700000C0600000C0500000E0700000C0400000C0300000C0200000E0606
S32500C2426000000C0100000C0000000B0700000E0500000B0600000B0500000B0400000E04F6
S32500C2428000000D0700000D0600000D0500000D0400000F0700000F0600000F0500000F04BA
S32500C242A0000001000000AE42C2000A00010000FFB842C20000000A0000000000FFFFFFFFB7
S32500C242C00000FFFF0000FFFF0000FFFFB042C200A642C2001702000016020100810001000A
S32500C242E08200020012020200920302009003000091030100860100030001090006010103FE
S32500C2430001000B011301020302030902960103030302090344000C0204050B0045000D0237
S32500C2432005040B012900060306070B022A00070307060B030000010002002C2726003A3B14
S32500C2434000000000003546000000000000000000000000000000000000000000000000001A
S32500C24360000000000000000000000000000000000000000000000000000000000000000075
S70500010104F4
